target_id,status,gpu,seconds,output_csv,log_path,return_code,error
GEOM_WDBC_z_r5_ds80263,ok,5,10.461,satml_results/wdbc_geometry/runs/GEOM_WDBC_z_r5_ds80263/geometry.csv,satml_results/wdbc_geometry/runs/GEOM_WDBC_z_r5_ds80263/geometry.log,0,
GEOM_WDBC_z_r1_ds80263,ok,0,11.035,satml_results/wdbc_geometry/runs/GEOM_WDBC_z_r1_ds80263/geometry.csv,satml_results/wdbc_geometry/runs/GEOM_WDBC_z_r1_ds80263/geometry.log,0,
GEOM_WDBC_z_r1_ds80262,ok,2,11.571,satml_results/wdbc_geometry/runs/GEOM_WDBC_z_r1_ds80262/geometry.csv,satml_results/wdbc_geometry/runs/GEOM_WDBC_z_r1_ds80262/geometry.log,0,
GEOM_WDBC_z_r1_ds80261,ok,3,12.129,satml_results/wdbc_geometry/runs/GEOM_WDBC_z_r1_ds80261/geometry.csv,satml_results/wdbc_geometry/runs/GEOM_WDBC_z_r1_ds80261/geometry.log,0,
GEOM_WDBC_z_r1_ds80265,ok,7,12.288,satml_results/wdbc_geometry/runs/GEOM_WDBC_z_r1_ds80265/geometry.csv,satml_results/wdbc_geometry/runs/GEOM_WDBC_z_r1_ds80265/geometry.log,0,
GEOM_WDBC_z_r1_ds80264,ok,1,12.467,satml_results/wdbc_geometry/runs/GEOM_WDBC_z_r1_ds80264/geometry.csv,satml_results/wdbc_geometry/runs/GEOM_WDBC_z_r1_ds80264/geometry.log,0,
GEOM_WDBC_z_r5_ds80262,ok,4,12.602,satml_results/wdbc_geometry/runs/GEOM_WDBC_z_r5_ds80262/geometry.csv,satml_results/wdbc_geometry/runs/GEOM_WDBC_z_r5_ds80262/geometry.log,0,
GEOM_WDBC_z_r5_ds80261,ok,6,12.808,satml_results/wdbc_geometry/runs/GEOM_WDBC_z_r5_ds80261/geometry.csv,satml_results/wdbc_geometry/runs/GEOM_WDBC_z_r5_ds80261/geometry.log,0,
GEOM_WDBC_z_r5_ds80264,ok,5,10.022,satml_results/wdbc_geometry/runs/GEOM_WDBC_z_r5_ds80264/geometry.csv,satml_results/wdbc_geometry/runs/GEOM_WDBC_z_r5_ds80264/geometry.log,0,
GEOM_WDBC_zz_r1_ds80261,ok,2,9.839,satml_results/wdbc_geometry/runs/GEOM_WDBC_zz_r1_ds80261/geometry.csv,satml_results/wdbc_geometry/runs/GEOM_WDBC_zz_r1_ds80261/geometry.log,0,
GEOM_WDBC_zz_r1_ds80263,ok,7,9.442,satml_results/wdbc_geometry/runs/GEOM_WDBC_zz_r1_ds80263/geometry.csv,satml_results/wdbc_geometry/runs/GEOM_WDBC_zz_r1_ds80263/geometry.log,0,
GEOM_WDBC_z_r5_ds80265,ok,0,10.873,satml_results/wdbc_geometry/runs/GEOM_WDBC_z_r5_ds80265/geometry.csv,satml_results/wdbc_geometry/runs/GEOM_WDBC_z_r5_ds80265/geometry.log,0,
GEOM_WDBC_zz_r1_ds80262,ok,3,10.332,satml_results/wdbc_geometry/runs/GEOM_WDBC_zz_r1_ds80262/geometry.csv,satml_results/wdbc_geometry/runs/GEOM_WDBC_zz_r1_ds80262/geometry.log,0,
GEOM_WDBC_zz_r1_ds80264,ok,1,10.252,satml_results/wdbc_geometry/runs/GEOM_WDBC_zz_r1_ds80264/geometry.csv,satml_results/wdbc_geometry/runs/GEOM_WDBC_zz_r1_ds80264/geometry.log,0,
GEOM_WDBC_zz_r1_ds80265,ok,4,10.251,satml_results/wdbc_geometry/runs/GEOM_WDBC_zz_r1_ds80265/geometry.csv,satml_results/wdbc_geometry/runs/GEOM_WDBC_zz_r1_ds80265/geometry.log,0,
GEOM_WDBC_zz_r5_ds80261,ok,6,11.997,satml_results/wdbc_geometry/runs/GEOM_WDBC_zz_r5_ds80261/geometry.csv,satml_results/wdbc_geometry/runs/GEOM_WDBC_zz_r5_ds80261/geometry.log,0,
GEOM_WDBC_zz_r5_ds80262,ok,5,11.323,satml_results/wdbc_geometry/runs/GEOM_WDBC_zz_r5_ds80262/geometry.csv,satml_results/wdbc_geometry/runs/GEOM_WDBC_zz_r5_ds80262/geometry.log,0,
GEOM_WDBC_eff_su2_r1_ds80261,ok,3,9.584,satml_results/wdbc_geometry/runs/GEOM_WDBC_eff_su2_r1_ds80261/geometry.csv,satml_results/wdbc_geometry/runs/GEOM_WDBC_eff_su2_r1_ds80261/geometry.log,0,
GEOM_WDBC_eff_su2_r1_ds80262,ok,1,9.484,satml_results/wdbc_geometry/runs/GEOM_WDBC_eff_su2_r1_ds80262/geometry.csv,satml_results/wdbc_geometry/runs/GEOM_WDBC_eff_su2_r1_ds80262/geometry.log,0,
GEOM_WDBC_eff_su2_r1_ds80263,ok,4,9.429,satml_results/wdbc_geometry/runs/GEOM_WDBC_eff_su2_r1_ds80263/geometry.csv,satml_results/wdbc_geometry/runs/GEOM_WDBC_eff_su2_r1_ds80263/geometry.log,0,
GEOM_WDBC_zz_r5_ds80263,ok,2,12.357,satml_results/wdbc_geometry/runs/GEOM_WDBC_zz_r5_ds80263/geometry.csv,satml_results/wdbc_geometry/runs/GEOM_WDBC_zz_r5_ds80263/geometry.log,0,
GEOM_WDBC_zz_r5_ds80264,ok,7,12.183,satml_results/wdbc_geometry/runs/GEOM_WDBC_zz_r5_ds80264/geometry.csv,satml_results/wdbc_geometry/runs/GEOM_WDBC_zz_r5_ds80264/geometry.log,0,
GEOM_WDBC_eff_su2_r1_ds80264,ok,6,9.929,satml_results/wdbc_geometry/runs/GEOM_WDBC_eff_su2_r1_ds80264/geometry.csv,satml_results/wdbc_geometry/runs/GEOM_WDBC_eff_su2_r1_ds80264/geometry.log,0,
GEOM_WDBC_zz_r5_ds80265,ok,0,13.187,satml_results/wdbc_geometry/runs/GEOM_WDBC_zz_r5_ds80265/geometry.csv,satml_results/wdbc_geometry/runs/GEOM_WDBC_zz_r5_ds80265/geometry.log,0,
GEOM_WDBC_eff_su2_r1_ds80265,ok,5,9.208,satml_results/wdbc_geometry/runs/GEOM_WDBC_eff_su2_r1_ds80265/geometry.csv,satml_results/wdbc_geometry/runs/GEOM_WDBC_eff_su2_r1_ds80265/geometry.log,0,
GEOM_WDBC_eff_su2_r5_ds80263,ok,4,10.7,satml_results/wdbc_geometry/runs/GEOM_WDBC_eff_su2_r5_ds80263/geometry.csv,satml_results/wdbc_geometry/runs/GEOM_WDBC_eff_su2_r5_ds80263/geometry.log,0,
GEOM_WDBC_eff_su2_r5_ds80261,ok,3,11.089,satml_results/wdbc_geometry/runs/GEOM_WDBC_eff_su2_r5_ds80261/geometry.csv,satml_results/wdbc_geometry/runs/GEOM_WDBC_eff_su2_r5_ds80261/geometry.log,0,
GEOM_WDBC_eff_su2_r5_ds80262,ok,1,11.252,satml_results/wdbc_geometry/runs/GEOM_WDBC_eff_su2_r5_ds80262/geometry.csv,satml_results/wdbc_geometry/runs/GEOM_WDBC_eff_su2_r5_ds80262/geometry.log,0,
GEOM_WDBC_eff_su2_r5_ds80265,ok,7,10.623,satml_results/wdbc_geometry/runs/GEOM_WDBC_eff_su2_r5_ds80265/geometry.csv,satml_results/wdbc_geometry/runs/GEOM_WDBC_eff_su2_r5_ds80265/geometry.log,0,
GEOM_WDBC_eff_su2_r5_ds80264,ok,2,11.001,satml_results/wdbc_geometry/runs/GEOM_WDBC_eff_su2_r5_ds80264/geometry.csv,satml_results/wdbc_geometry/runs/GEOM_WDBC_eff_su2_r5_ds80264/geometry.log,0,
