target_id,block_id,structural_cell_id,structural_role,training_defense,defense,attack,attack_fit,auc,balanced_accuracy,tpr_at_5_fpr,tpr_at_10_fpr,threshold,score_direction,evaluation_mean_probability_std,evaluation_mean_label_flip_rate,effective_defense
PETS_CREDIT_high_eff_su2_r5_d6_b01__dp_qml,pets_b01,eff_su2_r5_d6,high,dp_qml,none,loss,adaptive_defended_calibration,0.4875,0.485,0.05,0.11,-0.1424096226692199,as_defined,,,dp_qml
PETS_CREDIT_high_eff_su2_r5_d6_b01__dp_qml,pets_b01,eff_su2_r5_d6,high,dp_qml,none,confidence,adaptive_defended_calibration,0.4875,0.485,0.05,0.11,0.8672659397125244,as_defined,,,dp_qml
PETS_CREDIT_high_eff_su2_r5_d6_b01__dp_qml,pets_b01,eff_su2_r5_d6,high,dp_qml,none,maximum_probability,adaptive_defended_calibration,0.5034,0.505,0.05,0.11,0.8672659397125244,as_defined,,,dp_qml
PETS_CREDIT_high_eff_su2_r5_d6_b01__dp_qml,pets_b01,eff_su2_r5_d6,high,dp_qml,none,entropy,adaptive_defended_calibration,0.5034,0.505,0.05,0.11,-0.3915512263774872,as_defined,,,dp_qml
PETS_CREDIT_high_eff_su2_r5_d6_b01__dp_qml,pets_b01,eff_su2_r5_d6,high,dp_qml,none,margin,adaptive_defended_calibration,0.5034,0.505,0.05,0.11,0.734531819820404,as_defined,,,dp_qml
PETS_CREDIT_high_eff_su2_r5_d6_b01__dp_qml,pets_b01,eff_su2_r5_d6,high,dp_qml,none,correctness,adaptive_defended_calibration,0.5,0.5,0.0,0.0,-inf,as_defined,,,dp_qml
PETS_CREDIT_high_eff_su2_r5_d6_b01__dp_qml,pets_b01,eff_su2_r5_d6,high,dp_qml,none,learned_pv_stats_logistic,adaptive_defended_calibration,0.521,0.51,0.04,0.1,0.4858852777505422,,,,dp_qml
PETS_CREDIT_high_eff_su2_r5_d6_b01__hamp_train,pets_b01,eff_su2_r5_d6,high,hamp_train,none,loss,adaptive_defended_calibration,0.5582999999999999,0.585,0.09,0.11,-0.5391740798950195,as_defined,,,hamp_train
PETS_CREDIT_high_eff_su2_r5_d6_b01__hamp_train,pets_b01,eff_su2_r5_d6,high,hamp_train,none,confidence,adaptive_defended_calibration,0.5582999999999999,0.585,0.09,0.11,0.5832299590110779,as_defined,,,hamp_train
PETS_CREDIT_high_eff_su2_r5_d6_b01__hamp_train,pets_b01,eff_su2_r5_d6,high,hamp_train,none,maximum_probability,adaptive_defended_calibration,0.5405,0.57,0.06,0.11,0.5832299590110779,as_defined,,,hamp_train
PETS_CREDIT_high_eff_su2_r5_d6_b01__hamp_train,pets_b01,eff_su2_r5_d6,high,hamp_train,none,entropy,adaptive_defended_calibration,0.5405,0.57,0.06,0.11,-0.6792275905609131,as_defined,,,hamp_train
PETS_CREDIT_high_eff_su2_r5_d6_b01__hamp_train,pets_b01,eff_su2_r5_d6,high,hamp_train,none,margin,adaptive_defended_calibration,0.5405,0.57,0.06,0.11,0.1664599031209945,as_defined,,,hamp_train
PETS_CREDIT_high_eff_su2_r5_d6_b01__hamp_train,pets_b01,eff_su2_r5_d6,high,hamp_train,none,correctness,adaptive_defended_calibration,0.51,0.51,0.0,0.0,0.5,as_defined,,,hamp_train
PETS_CREDIT_high_eff_su2_r5_d6_b01__hamp_train,pets_b01,eff_su2_r5_d6,high,hamp_train,none,learned_pv_stats_logistic,adaptive_defended_calibration,0.5309,0.525,0.09,0.12,0.5685364526848179,,,,hamp_train
PETS_CREDIT_high_eff_su2_r5_d6_b01__hamp_train,pets_b01,eff_su2_r5_d6,high,hamp_train,hamp_output,loss,adaptive_defended_calibration,0.5278,0.495,0.07,0.19,-0.746934711933136,as_defined,,,hamp_full
PETS_CREDIT_high_eff_su2_r5_d6_b01__hamp_train,pets_b01,eff_su2_r5_d6,high,hamp_train,hamp_output,confidence,adaptive_defended_calibration,0.5278,0.495,0.07,0.19,0.4738185107707977,as_defined,,,hamp_full
PETS_CREDIT_high_eff_su2_r5_d6_b01__hamp_train,pets_b01,eff_su2_r5_d6,high,hamp_train,hamp_output,maximum_probability,adaptive_defended_calibration,0.468,0.485,0.04,0.1,-0.573791891336441,inverted_from_calibration,,,hamp_full
PETS_CREDIT_high_eff_su2_r5_d6_b01__hamp_train,pets_b01,eff_su2_r5_d6,high,hamp_train,hamp_output,entropy,adaptive_defended_calibration,0.468,0.485,0.04,0.1,0.6822152137756348,inverted_from_calibration,,,hamp_full
PETS_CREDIT_high_eff_su2_r5_d6_b01__hamp_train,pets_b01,eff_su2_r5_d6,high,hamp_train,hamp_output,margin,adaptive_defended_calibration,0.468,0.485,0.04,0.1,-0.1475837379693985,inverted_from_calibration,,,hamp_full
PETS_CREDIT_high_eff_su2_r5_d6_b01__hamp_train,pets_b01,eff_su2_r5_d6,high,hamp_train,hamp_output,correctness,adaptive_defended_calibration,0.51,0.51,0.0,0.0,0.5,as_defined,,,hamp_full
PETS_CREDIT_high_eff_su2_r5_d6_b01__hamp_train,pets_b01,eff_su2_r5_d6,high,hamp_train,hamp_output,learned_pv_stats_logistic,adaptive_defended_calibration,0.4982999999999999,0.49,0.05,0.14,0.549035571291414,,,,hamp_full
PETS_CREDIT_high_eff_su2_r5_d6_b01__l2,pets_b01,eff_su2_r5_d6,high,l2,none,loss,adaptive_defended_calibration,0.4977,0.505,0.06,0.11,0.2675227522850036,inverted_from_calibration,,,l2
PETS_CREDIT_high_eff_su2_r5_d6_b01__l2,pets_b01,eff_su2_r5_d6,high,l2,none,confidence,adaptive_defended_calibration,0.4977,0.505,0.06,0.11,-0.7652730643749237,inverted_from_calibration,,,l2
PETS_CREDIT_high_eff_su2_r5_d6_b01__l2,pets_b01,eff_su2_r5_d6,high,l2,none,maximum_probability,adaptive_defended_calibration,0.5027,0.5,0.13,0.15,-0.7650906145572662,inverted_from_calibration,,,l2
PETS_CREDIT_high_eff_su2_r5_d6_b01__l2,pets_b01,eff_su2_r5_d6,high,l2,none,entropy,adaptive_defended_calibration,0.5027,0.5,0.13,0.15,0.5451406538486481,inverted_from_calibration,,,l2
PETS_CREDIT_high_eff_su2_r5_d6_b01__l2,pets_b01,eff_su2_r5_d6,high,l2,none,margin,adaptive_defended_calibration,0.5027,0.5,0.13,0.15,-0.5301811993122101,inverted_from_calibration,,,l2
PETS_CREDIT_high_eff_su2_r5_d6_b01__l2,pets_b01,eff_su2_r5_d6,high,l2,none,correctness,adaptive_defended_calibration,0.5,0.5,0.0,0.0,-inf,as_defined,,,l2
PETS_CREDIT_high_eff_su2_r5_d6_b01__l2,pets_b01,eff_su2_r5_d6,high,l2,none,learned_pv_stats_logistic,adaptive_defended_calibration,0.5353,0.495,0.13,0.14,0.4977877250126726,,,,l2
PETS_CREDIT_high_eff_su2_r5_d6_b01__none,pets_b01,eff_su2_r5_d6,high,none,none,loss,adaptive_defended_calibration,0.5468,0.525,0.14,0.17,-0.1695739477872848,as_defined,,,none
PETS_CREDIT_high_eff_su2_r5_d6_b01__none,pets_b01,eff_su2_r5_d6,high,none,none,confidence,adaptive_defended_calibration,0.5468,0.525,0.14,0.17,0.8440249860286713,as_defined,,,none
PETS_CREDIT_high_eff_su2_r5_d6_b01__none,pets_b01,eff_su2_r5_d6,high,none,none,maximum_probability,adaptive_defended_calibration,0.5253000000000001,0.5,0.13,0.16,0.8459437787532806,as_defined,,,none
PETS_CREDIT_high_eff_su2_r5_d6_b01__none,pets_b01,eff_su2_r5_d6,high,none,none,entropy,adaptive_defended_calibration,0.5253000000000001,0.5,0.13,0.16,-0.4296787977218628,as_defined,,,none
PETS_CREDIT_high_eff_su2_r5_d6_b01__none,pets_b01,eff_su2_r5_d6,high,none,none,margin,adaptive_defended_calibration,0.5253000000000001,0.5,0.13,0.16,0.6918874979019165,as_defined,,,none
PETS_CREDIT_high_eff_su2_r5_d6_b01__none,pets_b01,eff_su2_r5_d6,high,none,none,correctness,adaptive_defended_calibration,0.51,0.51,0.0,0.0,0.5,as_defined,,,none
PETS_CREDIT_high_eff_su2_r5_d6_b01__none,pets_b01,eff_su2_r5_d6,high,none,none,learned_pv_stats_logistic,adaptive_defended_calibration,0.533,0.52,0.14,0.17,0.5607697876287776,,,,none
PETS_CREDIT_high_eff_su2_r5_d6_b01__none,pets_b01,eff_su2_r5_d6,high,none,dynanoise,loss,adaptive_defended_calibration,0.5571,0.5650000000000001,0.06,0.13,-0.6067602038383484,as_defined,,,dynanoise
PETS_CREDIT_high_eff_su2_r5_d6_b01__none,pets_b01,eff_su2_r5_d6,high,none,dynanoise,confidence,adaptive_defended_calibration,0.5571,0.5650000000000001,0.06,0.13,0.545114129781723,as_defined,,,dynanoise
PETS_CREDIT_high_eff_su2_r5_d6_b01__none,pets_b01,eff_su2_r5_d6,high,none,dynanoise,maximum_probability,adaptive_defended_calibration,0.5404,0.545,0.06,0.13,0.5383793115615845,as_defined,,,dynanoise
PETS_CREDIT_high_eff_su2_r5_d6_b01__none,pets_b01,eff_su2_r5_d6,high,none,dynanoise,entropy,adaptive_defended_calibration,0.5404,0.545,0.06,0.13,-0.6901983022689819,as_defined,,,dynanoise
PETS_CREDIT_high_eff_su2_r5_d6_b01__none,pets_b01,eff_su2_r5_d6,high,none,dynanoise,margin,adaptive_defended_calibration,0.5404,0.545,0.06,0.13,0.0767586082220077,as_defined,,,dynanoise
PETS_CREDIT_high_eff_su2_r5_d6_b01__none,pets_b01,eff_su2_r5_d6,high,none,dynanoise,correctness,adaptive_defended_calibration,0.51,0.51,0.0,0.0,0.5,as_defined,,,dynanoise
PETS_CREDIT_high_eff_su2_r5_d6_b01__none,pets_b01,eff_su2_r5_d6,high,none,dynanoise,learned_pv_stats_logistic,adaptive_defended_calibration,0.5578,0.55,0.06,0.13,0.4893549263987955,,,,dynanoise
PETS_CREDIT_high_eff_su2_r5_d6_b01__none,pets_b01,eff_su2_r5_d6,high,none,hamp_output,loss,adaptive_defended_calibration,0.536,0.5,0.06,0.24,-0.5859733819961548,as_defined,,,hamp_output
PETS_CREDIT_high_eff_su2_r5_d6_b01__none,pets_b01,eff_su2_r5_d6,high,none,hamp_output,confidence,adaptive_defended_calibration,0.536,0.5,0.06,0.24,0.5565750598907471,as_defined,,,hamp_output
PETS_CREDIT_high_eff_su2_r5_d6_b01__none,pets_b01,eff_su2_r5_d6,high,none,hamp_output,maximum_probability,adaptive_defended_calibration,0.4503,0.48,0.04,0.11,-0.7988801002502441,inverted_from_calibration,,,hamp_output
PETS_CREDIT_high_eff_su2_r5_d6_b01__none,pets_b01,eff_su2_r5_d6,high,none,hamp_output,entropy,adaptive_defended_calibration,0.4503,0.48,0.04,0.11,0.5018579363822937,inverted_from_calibration,,,hamp_output
PETS_CREDIT_high_eff_su2_r5_d6_b01__none,pets_b01,eff_su2_r5_d6,high,none,hamp_output,margin,adaptive_defended_calibration,0.4503,0.48,0.04,0.11,-0.5977601706981659,inverted_from_calibration,,,hamp_output
PETS_CREDIT_high_eff_su2_r5_d6_b01__none,pets_b01,eff_su2_r5_d6,high,none,hamp_output,correctness,adaptive_defended_calibration,0.51,0.51,0.0,0.0,0.5,as_defined,,,hamp_output
PETS_CREDIT_high_eff_su2_r5_d6_b01__none,pets_b01,eff_su2_r5_d6,high,none,hamp_output,learned_pv_stats_logistic,adaptive_defended_calibration,0.475,0.505,0.08,0.12,0.5411221946448885,,,,hamp_output
PETS_CREDIT_high_eff_su2_r5_d6_b01__none,pets_b01,eff_su2_r5_d6,high,none,memguard,loss,adaptive_defended_calibration,0.5453,0.53,0.06,0.08,-0.1934453323483467,as_defined,,,memguard
PETS_CREDIT_high_eff_su2_r5_d6_b01__none,pets_b01,eff_su2_r5_d6,high,none,memguard,confidence,adaptive_defended_calibration,0.5453,0.53,0.06,0.08,0.8241149187088013,as_defined,,,memguard
PETS_CREDIT_high_eff_su2_r5_d6_b01__none,pets_b01,eff_su2_r5_d6,high,none,memguard,maximum_probability,adaptive_defended_calibration,0.5191,0.505,0.06,0.08,0.8241149187088013,as_defined,,,memguard
PETS_CREDIT_high_eff_su2_r5_d6_b01__none,pets_b01,eff_su2_r5_d6,high,none,memguard,entropy,adaptive_defended_calibration,0.5191,0.505,0.06,0.08,-0.4650959819555282,as_defined,,,memguard
PETS_CREDIT_high_eff_su2_r5_d6_b01__none,pets_b01,eff_su2_r5_d6,high,none,memguard,margin,adaptive_defended_calibration,0.5191,0.505,0.06,0.08,0.6482298374176025,as_defined,,,memguard
PETS_CREDIT_high_eff_su2_r5_d6_b01__none,pets_b01,eff_su2_r5_d6,high,none,memguard,correctness,adaptive_defended_calibration,0.51,0.51,0.0,0.0,0.5,as_defined,,,memguard
PETS_CREDIT_high_eff_su2_r5_d6_b01__none,pets_b01,eff_su2_r5_d6,high,none,memguard,learned_pv_stats_logistic,adaptive_defended_calibration,0.5321,0.5249999999999999,0.06,0.08,0.5637440845122927,,,,memguard
PETS_CREDIT_high_eff_su2_r5_d6_b01__none,pets_b01,eff_su2_r5_d6,high,none,logitguard_continuous,loss,adaptive_defended_calibration,0.5497,0.53,0.08,0.12,-0.2237449213862419,as_defined,,,logitguard_continuous
PETS_CREDIT_high_eff_su2_r5_d6_b01__none,pets_b01,eff_su2_r5_d6,high,none,logitguard_continuous,confidence,adaptive_defended_calibration,0.5497,0.53,0.08,0.12,0.7995190620422363,as_defined,,,logitguard_continuous
PETS_CREDIT_high_eff_su2_r5_d6_b01__none,pets_b01,eff_su2_r5_d6,high,none,logitguard_continuous,maximum_probability,adaptive_defended_calibration,0.5458,0.535,0.03,0.11,0.8103112876415253,as_defined,,,logitguard_continuous
PETS_CREDIT_high_eff_su2_r5_d6_b01__none,pets_b01,eff_su2_r5_d6,high,none,logitguard_continuous,entropy,adaptive_defended_calibration,0.5458,0.535,0.03,0.11,-0.4857712686061859,as_defined,,,logitguard_continuous
PETS_CREDIT_high_eff_su2_r5_d6_b01__none,pets_b01,eff_su2_r5_d6,high,none,logitguard_continuous,margin,adaptive_defended_calibration,0.5458,0.535,0.03,0.11,0.6206225454807281,as_defined,,,logitguard_continuous
PETS_CREDIT_high_eff_su2_r5_d6_b01__none,pets_b01,eff_su2_r5_d6,high,none,logitguard_continuous,correctness,adaptive_defended_calibration,0.51,0.51,0.0,0.0,0.5,as_defined,,,logitguard_continuous
PETS_CREDIT_high_eff_su2_r5_d6_b01__none,pets_b01,eff_su2_r5_d6,high,none,logitguard_continuous,learned_pv_stats_logistic,adaptive_defended_calibration,0.5363,0.51,0.08,0.12,0.4685446608372412,,,,logitguard_continuous
PETS_CREDIT_high_eff_su2_r5_d6_b01__none,pets_b01,eff_su2_r5_d6,high,none,logitguard_quantized,loss,adaptive_defended_calibration,0.5539,0.525,0.06,0.06,-0.2184550166130066,as_defined,,,logitguard_quantized
PETS_CREDIT_high_eff_su2_r5_d6_b01__none,pets_b01,eff_su2_r5_d6,high,none,logitguard_quantized,confidence,adaptive_defended_calibration,0.5539,0.525,0.06,0.06,0.8037611842155457,as_defined,,,logitguard_quantized
PETS_CREDIT_high_eff_su2_r5_d6_b01__none,pets_b01,eff_su2_r5_d6,high,none,logitguard_quantized,maximum_probability,adaptive_defended_calibration,0.5511,0.55,0.03,0.06,0.8099936544895172,as_defined,,,logitguard_quantized
PETS_CREDIT_high_eff_su2_r5_d6_b01__none,pets_b01,eff_su2_r5_d6,high,none,logitguard_quantized,entropy,adaptive_defended_calibration,0.5511,0.55,0.03,0.06,-0.4862244725227356,as_defined,,,logitguard_quantized
PETS_CREDIT_high_eff_su2_r5_d6_b01__none,pets_b01,eff_su2_r5_d6,high,none,logitguard_quantized,margin,adaptive_defended_calibration,0.5511,0.55,0.03,0.06,0.6199873089790344,as_defined,,,logitguard_quantized
PETS_CREDIT_high_eff_su2_r5_d6_b01__none,pets_b01,eff_su2_r5_d6,high,none,logitguard_quantized,correctness,adaptive_defended_calibration,0.51,0.51,0.0,0.0,0.5,as_defined,,,logitguard_quantized
PETS_CREDIT_high_eff_su2_r5_d6_b01__none,pets_b01,eff_su2_r5_d6,high,none,logitguard_quantized,learned_pv_stats_logistic,adaptive_defended_calibration,0.54095,0.515,0.06,0.06,0.4748020996568618,,,,logitguard_quantized
PETS_CREDIT_high_eff_su2_r5_d6_b01__none,pets_b01,eff_su2_r5_d6,high,none,measurementguard_continuous,loss,adaptive_defended_calibration,0.4995,0.505,0.13,0.15,-0.1705027669668197,as_defined,,,measurementguard_continuous
PETS_CREDIT_high_eff_su2_r5_d6_b01__none,pets_b01,eff_su2_r5_d6,high,none,measurementguard_continuous,confidence,adaptive_defended_calibration,0.4995,0.505,0.13,0.15,0.8432407975196838,as_defined,,,measurementguard_continuous
PETS_CREDIT_high_eff_su2_r5_d6_b01__none,pets_b01,eff_su2_r5_d6,high,none,measurementguard_continuous,maximum_probability,adaptive_defended_calibration,0.5124,0.51,0.13,0.17,0.8432407975196838,as_defined,,,measurementguard_continuous
PETS_CREDIT_high_eff_su2_r5_d6_b01__none,pets_b01,eff_su2_r5_d6,high,none,measurementguard_continuous,entropy,adaptive_defended_calibration,0.5124,0.51,0.13,0.17,-0.4342563599348068,as_defined,,,measurementguard_continuous
PETS_CREDIT_high_eff_su2_r5_d6_b01__none,pets_b01,eff_su2_r5_d6,high,none,measurementguard_continuous,margin,adaptive_defended_calibration,0.5124,0.51,0.13,0.17,0.6864815950393677,as_defined,,,measurementguard_continuous
PETS_CREDIT_high_eff_su2_r5_d6_b01__none,pets_b01,eff_su2_r5_d6,high,none,measurementguard_continuous,correctness,adaptive_defended_calibration,0.51,0.51,0.0,0.0,0.5,as_defined,,,measurementguard_continuous
PETS_CREDIT_high_eff_su2_r5_d6_b01__none,pets_b01,eff_su2_r5_d6,high,none,measurementguard_continuous,learned_pv_stats_logistic,adaptive_defended_calibration,0.5099,0.5,0.12,0.14,0.5628178233435555,,,,measurementguard_continuous
PETS_CREDIT_high_eff_su2_r5_d6_b01__none,pets_b01,eff_su2_r5_d6,high,none,lattice_round,loss,adaptive_defended_calibration,0.5473,0.525,0.14,0.17,-0.1723264753818512,as_defined,,,lattice_round
PETS_CREDIT_high_eff_su2_r5_d6_b01__none,pets_b01,eff_su2_r5_d6,high,none,lattice_round,confidence,adaptive_defended_calibration,0.5473,0.525,0.14,0.17,0.8417043387889862,as_defined,,,lattice_round
PETS_CREDIT_high_eff_su2_r5_d6_b01__none,pets_b01,eff_su2_r5_d6,high,none,lattice_round,maximum_probability,adaptive_defended_calibration,0.5252,0.505,0.13,0.16,0.8473484218120575,as_defined,,,lattice_round
PETS_CREDIT_high_eff_su2_r5_d6_b01__none,pets_b01,eff_su2_r5_d6,high,none,lattice_round,entropy,adaptive_defended_calibration,0.5252,0.505,0.13,0.16,-0.4272677302360534,as_defined,,,lattice_round
PETS_CREDIT_high_eff_su2_r5_d6_b01__none,pets_b01,eff_su2_r5_d6,high,none,lattice_round,margin,adaptive_defended_calibration,0.5252,0.505,0.13,0.16,0.694696843624115,as_defined,,,lattice_round
PETS_CREDIT_high_eff_su2_r5_d6_b01__none,pets_b01,eff_su2_r5_d6,high,none,lattice_round,correctness,adaptive_defended_calibration,0.51,0.51,0.0,0.0,0.5,as_defined,,,lattice_round
PETS_CREDIT_high_eff_su2_r5_d6_b01__none,pets_b01,eff_su2_r5_d6,high,none,lattice_round,learned_pv_stats_logistic,adaptive_defended_calibration,0.5391,0.52,0.14,0.17,0.5627536780124784,,,,lattice_round
PETS_CREDIT_high_eff_su2_r5_d6_b01__none,pets_b01,eff_su2_r5_d6,high,none,memgq_lattice,loss,adaptive_defended_calibration,0.4612,0.495,0.07,0.12,-0.1657875180244445,as_defined,,,memgq_lattice
PETS_CREDIT_high_eff_su2_r5_d6_b01__none,pets_b01,eff_su2_r5_d6,high,none,memgq_lattice,confidence,adaptive_defended_calibration,0.4612,0.495,0.07,0.12,0.8472280204296112,as_defined,,,memgq_lattice
PETS_CREDIT_high_eff_su2_r5_d6_b01__none,pets_b01,eff_su2_r5_d6,high,none,memgq_lattice,maximum_probability,adaptive_defended_calibration,0.4863,0.51,0.08,0.15,0.8472280204296112,as_defined,,,memgq_lattice
PETS_CREDIT_high_eff_su2_r5_d6_b01__none,pets_b01,eff_su2_r5_d6,high,none,memgq_lattice,entropy,adaptive_defended_calibration,0.4863,0.51,0.08,0.15,-0.4274756908416748,as_defined,,,memgq_lattice
PETS_CREDIT_high_eff_su2_r5_d6_b01__none,pets_b01,eff_su2_r5_d6,high,none,memgq_lattice,margin,adaptive_defended_calibration,0.4863,0.51,0.08,0.15,0.6944560408592224,as_defined,,,memgq_lattice
PETS_CREDIT_high_eff_su2_r5_d6_b01__none,pets_b01,eff_su2_r5_d6,high,none,memgq_lattice,correctness,adaptive_defended_calibration,0.51,0.51,0.0,0.0,0.5,as_defined,,,memgq_lattice
PETS_CREDIT_high_eff_su2_r5_d6_b01__none,pets_b01,eff_su2_r5_d6,high,none,memgq_lattice,learned_pv_stats_logistic,adaptive_defended_calibration,0.4937,0.47,0.09,0.14,0.5622280343128657,,,,memgq_lattice
PETS_CREDIT_high_eff_su2_r5_d6_b01__none,pets_b01,eff_su2_r5_d6,high,none,memgq_lattice_sticky,loss,adaptive_defended_calibration,0.4718,0.49,0.07,0.14,-0.168022409081459,as_defined,,,memgq_lattice_sticky
PETS_CREDIT_high_eff_su2_r5_d6_b01__none,pets_b01,eff_su2_r5_d6,high,none,memgq_lattice_sticky,confidence,adaptive_defended_calibration,0.4718,0.49,0.07,0.14,0.8453390300273895,as_defined,,,memgq_lattice_sticky
PETS_CREDIT_high_eff_su2_r5_d6_b01__none,pets_b01,eff_su2_r5_d6,high,none,memgq_lattice_sticky,maximum_probability,adaptive_defended_calibration,0.4889,0.49,0.08,0.16,0.8369212448596954,as_defined,,,memgq_lattice_sticky
PETS_CREDIT_high_eff_su2_r5_d6_b01__none,pets_b01,eff_su2_r5_d6,high,none,memgq_lattice_sticky,entropy,adaptive_defended_calibration,0.4889,0.49,0.08,0.16,-0.4446985423564911,as_defined,,,memgq_lattice_sticky
PETS_CREDIT_high_eff_su2_r5_d6_b01__none,pets_b01,eff_su2_r5_d6,high,none,memgq_lattice_sticky,margin,adaptive_defended_calibration,0.4889,0.49,0.08,0.16,0.6738424897193909,as_defined,,,memgq_lattice_sticky
PETS_CREDIT_high_eff_su2_r5_d6_b01__none,pets_b01,eff_su2_r5_d6,high,none,memgq_lattice_sticky,correctness,adaptive_defended_calibration,0.51,0.51,0.0,0.0,0.5,as_defined,,,memgq_lattice_sticky
PETS_CREDIT_high_eff_su2_r5_d6_b01__none,pets_b01,eff_su2_r5_d6,high,none,memgq_lattice_sticky,learned_pv_stats_logistic,adaptive_defended_calibration,0.4912999999999999,0.51,0.07,0.12,0.4747090402279647,,,,memgq_lattice_sticky
PETS_CREDIT_low_eff_su2_r1_d6_b01__dp_qml,pets_b01,eff_su2_r1_d6,low,dp_qml,none,loss,adaptive_defended_calibration,0.514,0.525,0.06,0.12,0.0700842663645744,inverted_from_calibration,,,dp_qml
PETS_CREDIT_low_eff_su2_r1_d6_b01__dp_qml,pets_b01,eff_su2_r1_d6,low,dp_qml,none,confidence,adaptive_defended_calibration,0.514,0.525,0.06,0.12,-0.932315230369568,inverted_from_calibration,,,dp_qml
PETS_CREDIT_low_eff_su2_r1_d6_b01__dp_qml,pets_b01,eff_su2_r1_d6,low,dp_qml,none,maximum_probability,adaptive_defended_calibration,0.5188999999999999,0.515,0.07,0.09,-0.932315230369568,inverted_from_calibration,,,dp_qml
PETS_CREDIT_low_eff_su2_r1_d6_b01__dp_qml,pets_b01,eff_su2_r1_d6,low,dp_qml,none,entropy,adaptive_defended_calibration,0.5188999999999999,0.515,0.07,0.09,0.2476082816720008,inverted_from_calibration,,,dp_qml
PETS_CREDIT_low_eff_su2_r1_d6_b01__dp_qml,pets_b01,eff_su2_r1_d6,low,dp_qml,none,margin,adaptive_defended_calibration,0.5188999999999999,0.515,0.07,0.09,-0.8646304905414581,inverted_from_calibration,,,dp_qml
PETS_CREDIT_low_eff_su2_r1_d6_b01__dp_qml,pets_b01,eff_su2_r1_d6,low,dp_qml,none,correctness,adaptive_defended_calibration,0.5,0.5,0.0,0.0,-inf,as_defined,,,dp_qml
PETS_CREDIT_low_eff_su2_r1_d6_b01__dp_qml,pets_b01,eff_su2_r1_d6,low,dp_qml,none,learned_pv_stats_logistic,adaptive_defended_calibration,0.5167999999999999,0.52,0.06,0.09,0.49120464469322,,,,dp_qml
PETS_CREDIT_low_eff_su2_r1_d6_b01__hamp_train,pets_b01,eff_su2_r1_d6,low,hamp_train,none,loss,adaptive_defended_calibration,0.5126,0.49,0.13,0.16,-0.5814376473426819,as_defined,,,hamp_train
PETS_CREDIT_low_eff_su2_r1_d6_b01__hamp_train,pets_b01,eff_su2_r1_d6,low,hamp_train,none,confidence,adaptive_defended_calibration,0.5126,0.49,0.13,0.16,0.559094101190567,as_defined,,,hamp_train
PETS_CREDIT_low_eff_su2_r1_d6_b01__hamp_train,pets_b01,eff_su2_r1_d6,low,hamp_train,none,maximum_probability,adaptive_defended_calibration,0.5118,0.49,0.13,0.15,0.559094101190567,as_defined,,,hamp_train
PETS_CREDIT_low_eff_su2_r1_d6_b01__hamp_train,pets_b01,eff_su2_r1_d6,low,hamp_train,none,entropy,adaptive_defended_calibration,0.5118,0.49,0.13,0.15,-0.6861463189125061,as_defined,,,hamp_train
PETS_CREDIT_low_eff_su2_r1_d6_b01__hamp_train,pets_b01,eff_su2_r1_d6,low,hamp_train,none,margin,adaptive_defended_calibration,0.5118,0.49,0.13,0.15,0.11818827688694,as_defined,,,hamp_train
PETS_CREDIT_low_eff_su2_r1_d6_b01__hamp_train,pets_b01,eff_su2_r1_d6,low,hamp_train,none,correctness,adaptive_defended_calibration,0.495,0.5,0.0,0.0,-inf,as_defined,,,hamp_train
PETS_CREDIT_low_eff_su2_r1_d6_b01__hamp_train,pets_b01,eff_su2_r1_d6,low,hamp_train,none,learned_pv_stats_logistic,adaptive_defended_calibration,0.4472,0.45,0.05,0.1,0.5011676415944168,,,,hamp_train
PETS_CREDIT_low_eff_su2_r1_d6_b01__hamp_train,pets_b01,eff_su2_r1_d6,low,hamp_train,hamp_output,loss,adaptive_defended_calibration,0.4922999999999999,0.49,0.03,0.13,0.5618412494659424,inverted_from_calibration,,,hamp_full
PETS_CREDIT_low_eff_su2_r1_d6_b01__hamp_train,pets_b01,eff_su2_r1_d6,low,hamp_train,hamp_output,confidence,adaptive_defended_calibration,0.4922999999999999,0.49,0.03,0.13,-0.5701583027839661,inverted_from_calibration,,,hamp_full
PETS_CREDIT_low_eff_su2_r1_d6_b01__hamp_train,pets_b01,eff_su2_r1_d6,low,hamp_train,hamp_output,maximum_probability,adaptive_defended_calibration,0.4709,0.48,0.07,0.15,-0.5701583027839661,inverted_from_calibration,,,hamp_full
PETS_CREDIT_low_eff_su2_r1_d6_b01__hamp_train,pets_b01,eff_su2_r1_d6,low,hamp_train,hamp_output,entropy,adaptive_defended_calibration,0.4709,0.48,0.07,0.15,0.6832701563835144,inverted_from_calibration,,,hamp_full
PETS_CREDIT_low_eff_su2_r1_d6_b01__hamp_train,pets_b01,eff_su2_r1_d6,low,hamp_train,hamp_output,margin,adaptive_defended_calibration,0.4709,0.48,0.07,0.15,-0.1403166204690933,inverted_from_calibration,,,hamp_full
PETS_CREDIT_low_eff_su2_r1_d6_b01__hamp_train,pets_b01,eff_su2_r1_d6,low,hamp_train,hamp_output,correctness,adaptive_defended_calibration,0.495,0.5,0.0,0.0,-inf,as_defined,,,hamp_full
PETS_CREDIT_low_eff_su2_r1_d6_b01__hamp_train,pets_b01,eff_su2_r1_d6,low,hamp_train,hamp_output,learned_pv_stats_logistic,adaptive_defended_calibration,0.4794,0.48,0.06,0.17,0.5068591200169719,,,,hamp_full
PETS_CREDIT_low_eff_su2_r1_d6_b01__l2,pets_b01,eff_su2_r1_d6,low,l2,none,loss,adaptive_defended_calibration,0.4821,0.49,0.04,0.14,0.2529503554105758,inverted_from_calibration,,,l2
PETS_CREDIT_low_eff_su2_r1_d6_b01__l2,pets_b01,eff_su2_r1_d6,low,l2,none,confidence,adaptive_defended_calibration,0.4821,0.49,0.04,0.14,-0.7765065133571625,inverted_from_calibration,,,l2
PETS_CREDIT_low_eff_su2_r1_d6_b01__l2,pets_b01,eff_su2_r1_d6,low,l2,none,maximum_probability,adaptive_defended_calibration,0.4754,0.505,0.06,0.08,-0.7765065133571625,inverted_from_calibration,,,l2
PETS_CREDIT_low_eff_su2_r1_d6_b01__l2,pets_b01,eff_su2_r1_d6,low,l2,none,entropy,adaptive_defended_calibration,0.4754,0.505,0.06,0.08,0.5312941074371338,inverted_from_calibration,,,l2
PETS_CREDIT_low_eff_su2_r1_d6_b01__l2,pets_b01,eff_su2_r1_d6,low,l2,none,margin,adaptive_defended_calibration,0.4754,0.505,0.06,0.08,-0.5530129671096802,inverted_from_calibration,,,l2
PETS_CREDIT_low_eff_su2_r1_d6_b01__l2,pets_b01,eff_su2_r1_d6,low,l2,none,correctness,adaptive_defended_calibration,0.5,0.5,0.0,0.0,-inf,as_defined,,,l2
PETS_CREDIT_low_eff_su2_r1_d6_b01__l2,pets_b01,eff_su2_r1_d6,low,l2,none,learned_pv_stats_logistic,adaptive_defended_calibration,0.4766,0.5,0.05,0.07,0.4945451461220684,,,,l2
PETS_CREDIT_low_eff_su2_r1_d6_b01__none,pets_b01,eff_su2_r1_d6,low,none,none,loss,adaptive_defended_calibration,0.5032000000000001,0.49,0.12,0.16,-0.2312927469611168,as_defined,,,none
PETS_CREDIT_low_eff_su2_r1_d6_b01__none,pets_b01,eff_su2_r1_d6,low,none,none,confidence,adaptive_defended_calibration,0.5032000000000001,0.49,0.12,0.16,0.7935093343257904,as_defined,,,none
PETS_CREDIT_low_eff_su2_r1_d6_b01__none,pets_b01,eff_su2_r1_d6,low,none,none,maximum_probability,adaptive_defended_calibration,0.5026999999999999,0.49,0.11,0.18,0.7935093343257904,as_defined,,,none
PETS_CREDIT_low_eff_su2_r1_d6_b01__none,pets_b01,eff_su2_r1_d6,low,none,none,entropy,adaptive_defended_calibration,0.5026999999999999,0.49,0.11,0.18,-0.5092591047286987,as_defined,,,none
PETS_CREDIT_low_eff_su2_r1_d6_b01__none,pets_b01,eff_su2_r1_d6,low,none,none,margin,adaptive_defended_calibration,0.5026999999999999,0.49,0.11,0.18,0.5870186686515808,as_defined,,,none
PETS_CREDIT_low_eff_su2_r1_d6_b01__none,pets_b01,eff_su2_r1_d6,low,none,none,correctness,adaptive_defended_calibration,0.5,0.5,0.0,0.0,-inf,as_defined,,,none
PETS_CREDIT_low_eff_su2_r1_d6_b01__none,pets_b01,eff_su2_r1_d6,low,none,none,learned_pv_stats_logistic,adaptive_defended_calibration,0.4414,0.48,0.04,0.09,0.5180449196833588,,,,none
PETS_CREDIT_low_eff_su2_r1_d6_b01__none,pets_b01,eff_su2_r1_d6,low,none,dynanoise,loss,adaptive_defended_calibration,0.4748,0.485,0.06,0.13,0.6273539066314697,inverted_from_calibration,,,dynanoise
PETS_CREDIT_low_eff_su2_r1_d6_b01__none,pets_b01,eff_su2_r1_d6,low,none,dynanoise,confidence,adaptive_defended_calibration,0.4748,0.485,0.06,0.13,-0.534002959728241,inverted_from_calibration,,,dynanoise
PETS_CREDIT_low_eff_su2_r1_d6_b01__none,pets_b01,eff_su2_r1_d6,low,none,dynanoise,maximum_probability,adaptive_defended_calibration,0.4579,0.485,0.05,0.09,-0.5354233980178833,inverted_from_calibration,,,dynanoise
PETS_CREDIT_low_eff_su2_r1_d6_b01__none,pets_b01,eff_su2_r1_d6,low,none,dynanoise,entropy,adaptive_defended_calibration,0.4579,0.485,0.05,0.09,0.6906354427337646,inverted_from_calibration,,,dynanoise
PETS_CREDIT_low_eff_su2_r1_d6_b01__none,pets_b01,eff_su2_r1_d6,low,none,dynanoise,margin,adaptive_defended_calibration,0.4579,0.485,0.05,0.09,-0.0708468109369278,inverted_from_calibration,,,dynanoise
PETS_CREDIT_low_eff_su2_r1_d6_b01__none,pets_b01,eff_su2_r1_d6,low,none,dynanoise,correctness,adaptive_defended_calibration,0.495,0.495,0.0,0.0,-0.5,inverted_from_calibration,,,dynanoise
PETS_CREDIT_low_eff_su2_r1_d6_b01__none,pets_b01,eff_su2_r1_d6,low,none,dynanoise,learned_pv_stats_logistic,adaptive_defended_calibration,0.5245,0.53,0.05,0.08,0.4929434505086948,,,,dynanoise
PETS_CREDIT_low_eff_su2_r1_d6_b01__none,pets_b01,eff_su2_r1_d6,low,none,hamp_output,loss,adaptive_defended_calibration,0.4724,0.4549999999999999,0.03,0.11,0.1472553610801696,inverted_from_calibration,,,hamp_output
PETS_CREDIT_low_eff_su2_r1_d6_b01__none,pets_b01,eff_su2_r1_d6,low,none,hamp_output,confidence,adaptive_defended_calibration,0.4724,0.4549999999999999,0.03,0.11,-0.8630748391151428,inverted_from_calibration,,,hamp_output
PETS_CREDIT_low_eff_su2_r1_d6_b01__none,pets_b01,eff_su2_r1_d6,low,none,hamp_output,maximum_probability,adaptive_defended_calibration,0.4589,0.475,0.06,0.09,-0.699376106262207,inverted_from_calibration,,,hamp_output
PETS_CREDIT_low_eff_su2_r1_d6_b01__none,pets_b01,eff_su2_r1_d6,low,none,hamp_output,entropy,adaptive_defended_calibration,0.4589,0.475,0.06,0.09,0.6113784909248352,inverted_from_calibration,,,hamp_output
PETS_CREDIT_low_eff_su2_r1_d6_b01__none,pets_b01,eff_su2_r1_d6,low,none,hamp_output,margin,adaptive_defended_calibration,0.4589,0.475,0.06,0.09,-0.3987521827220917,inverted_from_calibration,,,hamp_output
PETS_CREDIT_low_eff_su2_r1_d6_b01__none,pets_b01,eff_su2_r1_d6,low,none,hamp_output,correctness,adaptive_defended_calibration,0.5,0.5,0.0,0.0,-inf,as_defined,,,hamp_output
PETS_CREDIT_low_eff_su2_r1_d6_b01__none,pets_b01,eff_su2_r1_d6,low,none,hamp_output,learned_pv_stats_logistic,adaptive_defended_calibration,0.4771,0.5,0.08,0.09,0.5635233976627934,,,,hamp_output
PETS_CREDIT_low_eff_su2_r1_d6_b01__none,pets_b01,eff_su2_r1_d6,low,none,memguard,loss,adaptive_defended_calibration,0.5171,0.51,0.11,0.11,-0.2278136536478996,as_defined,,,memguard
PETS_CREDIT_low_eff_su2_r1_d6_b01__none,pets_b01,eff_su2_r1_d6,low,none,memguard,confidence,adaptive_defended_calibration,0.5171,0.51,0.11,0.11,0.7962729036808014,as_defined,,,memguard
PETS_CREDIT_low_eff_su2_r1_d6_b01__none,pets_b01,eff_su2_r1_d6,low,none,memguard,maximum_probability,adaptive_defended_calibration,0.5199,0.5,0.13,0.13,0.7960700392723083,as_defined,,,memguard
PETS_CREDIT_low_eff_su2_r1_d6_b01__none,pets_b01,eff_su2_r1_d6,low,none,memguard,entropy,adaptive_defended_calibration,0.5199,0.5,0.13,0.13,-0.5058018863201141,as_defined,,,memguard
PETS_CREDIT_low_eff_su2_r1_d6_b01__none,pets_b01,eff_su2_r1_d6,low,none,memguard,margin,adaptive_defended_calibration,0.5199,0.5,0.13,0.13,0.5921400487422943,as_defined,,,memguard
PETS_CREDIT_low_eff_su2_r1_d6_b01__none,pets_b01,eff_su2_r1_d6,low,none,memguard,correctness,adaptive_defended_calibration,0.5,0.5,0.0,0.0,-inf,as_defined,,,memguard
PETS_CREDIT_low_eff_su2_r1_d6_b01__none,pets_b01,eff_su2_r1_d6,low,none,memguard,learned_pv_stats_logistic,adaptive_defended_calibration,0.5108,0.51,0.14,0.16,0.4674588503539679,,,,memguard
PETS_CREDIT_low_eff_su2_r1_d6_b01__none,pets_b01,eff_su2_r1_d6,low,none,logitguard_continuous,loss,adaptive_defended_calibration,0.4689999999999999,0.465,0.06,0.12,-0.2242442965507507,as_defined,,,logitguard_continuous
PETS_CREDIT_low_eff_su2_r1_d6_b01__none,pets_b01,eff_su2_r1_d6,low,none,logitguard_continuous,confidence,adaptive_defended_calibration,0.4689999999999999,0.465,0.06,0.12,0.7991198897361755,as_defined,,,logitguard_continuous
PETS_CREDIT_low_eff_su2_r1_d6_b01__none,pets_b01,eff_su2_r1_d6,low,none,logitguard_continuous,maximum_probability,adaptive_defended_calibration,0.5118,0.48,0.08,0.17,-0.8074566423892975,inverted_from_calibration,,,logitguard_continuous
PETS_CREDIT_low_eff_su2_r1_d6_b01__none,pets_b01,eff_su2_r1_d6,low,none,logitguard_continuous,entropy,adaptive_defended_calibration,0.5118,0.48,0.08,0.17,0.489889845252037,inverted_from_calibration,,,logitguard_continuous
PETS_CREDIT_low_eff_su2_r1_d6_b01__none,pets_b01,eff_su2_r1_d6,low,none,logitguard_continuous,margin,adaptive_defended_calibration,0.5118,0.48,0.08,0.17,-0.614913284778595,inverted_from_calibration,,,logitguard_continuous
PETS_CREDIT_low_eff_su2_r1_d6_b01__none,pets_b01,eff_su2_r1_d6,low,none,logitguard_continuous,correctness,adaptive_defended_calibration,0.5,0.5,0.0,0.0,-inf,as_defined,,,logitguard_continuous
PETS_CREDIT_low_eff_su2_r1_d6_b01__none,pets_b01,eff_su2_r1_d6,low,none,logitguard_continuous,learned_pv_stats_logistic,adaptive_defended_calibration,0.5094000000000001,0.475,0.08,0.17,0.4270414257183272,,,,logitguard_continuous
PETS_CREDIT_low_eff_su2_r1_d6_b01__none,pets_b01,eff_su2_r1_d6,low,none,logitguard_quantized,loss,adaptive_defended_calibration,0.4723,0.495,0.04,0.1,-1.6607306003570557,as_defined,,,logitguard_quantized
PETS_CREDIT_low_eff_su2_r1_d6_b01__none,pets_b01,eff_su2_r1_d6,low,none,logitguard_quantized,confidence,adaptive_defended_calibration,0.4723,0.495,0.04,0.1,0.1900063529610633,as_defined,,,logitguard_quantized
PETS_CREDIT_low_eff_su2_r1_d6_b01__none,pets_b01,eff_su2_r1_d6,low,none,logitguard_quantized,maximum_probability,adaptive_defended_calibration,0.5112500000000001,0.49,0.08,0.12,-0.8068965375423431,inverted_from_calibration,,,logitguard_quantized
PETS_CREDIT_low_eff_su2_r1_d6_b01__none,pets_b01,eff_su2_r1_d6,low,none,logitguard_quantized,entropy,adaptive_defended_calibration,0.5112500000000001,0.49,0.08,0.12,0.4906840771436691,inverted_from_calibration,,,logitguard_quantized
PETS_CREDIT_low_eff_su2_r1_d6_b01__none,pets_b01,eff_su2_r1_d6,low,none,logitguard_quantized,margin,adaptive_defended_calibration,0.5112500000000001,0.49,0.08,0.12,-0.6137930452823639,inverted_from_calibration,,,logitguard_quantized
PETS_CREDIT_low_eff_su2_r1_d6_b01__none,pets_b01,eff_su2_r1_d6,low,none,logitguard_quantized,correctness,adaptive_defended_calibration,0.5,0.5,0.0,0.0,-inf,as_defined,,,logitguard_quantized
PETS_CREDIT_low_eff_su2_r1_d6_b01__none,pets_b01,eff_su2_r1_d6,low,none,logitguard_quantized,learned_pv_stats_logistic,adaptive_defended_calibration,0.51075,0.49,0.08,0.12,0.4210029802696833,,,,logitguard_quantized
PETS_CREDIT_low_eff_su2_r1_d6_b01__none,pets_b01,eff_su2_r1_d6,low,none,measurementguard_continuous,loss,adaptive_defended_calibration,0.471,0.4649999999999999,0.02,0.09,-0.2246885150671005,as_defined,,,measurementguard_continuous
PETS_CREDIT_low_eff_su2_r1_d6_b01__none,pets_b01,eff_su2_r1_d6,low,none,measurementguard_continuous,confidence,adaptive_defended_calibration,0.471,0.4649999999999999,0.02,0.09,0.7987659275531769,as_defined,,,measurementguard_continuous
PETS_CREDIT_low_eff_su2_r1_d6_b01__none,pets_b01,eff_su2_r1_d6,low,none,measurementguard_continuous,maximum_probability,adaptive_defended_calibration,0.5579999999999999,0.54,0.14,0.18,-0.7811684310436249,inverted_from_calibration,,,measurementguard_continuous
PETS_CREDIT_low_eff_su2_r1_d6_b01__none,pets_b01,eff_su2_r1_d6,low,none,measurementguard_continuous,entropy,adaptive_defended_calibration,0.5579999999999999,0.54,0.14,0.18,0.5254245400428772,inverted_from_calibration,,,measurementguard_continuous
PETS_CREDIT_low_eff_su2_r1_d6_b01__none,pets_b01,eff_su2_r1_d6,low,none,measurementguard_continuous,margin,adaptive_defended_calibration,0.5579999999999999,0.54,0.14,0.18,-0.5623368322849274,inverted_from_calibration,,,measurementguard_continuous
PETS_CREDIT_low_eff_su2_r1_d6_b01__none,pets_b01,eff_su2_r1_d6,low,none,measurementguard_continuous,correctness,adaptive_defended_calibration,0.5,0.5,0.0,0.0,-inf,as_defined,,,measurementguard_continuous
PETS_CREDIT_low_eff_su2_r1_d6_b01__none,pets_b01,eff_su2_r1_d6,low,none,measurementguard_continuous,learned_pv_stats_logistic,adaptive_defended_calibration,0.5655,0.515,0.13,0.23,0.4790371508833598,,,,measurementguard_continuous
PETS_CREDIT_low_eff_su2_r1_d6_b01__none,pets_b01,eff_su2_r1_d6,low,none,lattice_round,loss,adaptive_defended_calibration,0.5034000000000001,0.505,0.12,0.16,-0.2288793325424194,as_defined,,,lattice_round
PETS_CREDIT_low_eff_su2_r1_d6_b01__none,pets_b01,eff_su2_r1_d6,low,none,lattice_round,confidence,adaptive_defended_calibration,0.5034000000000001,0.505,0.12,0.16,0.7954251766204834,as_defined,,,lattice_round
PETS_CREDIT_low_eff_su2_r1_d6_b01__none,pets_b01,eff_su2_r1_d6,low,none,lattice_round,maximum_probability,adaptive_defended_calibration,0.5035999999999999,0.505,0.11,0.17,0.7954251766204834,as_defined,,,lattice_round
PETS_CREDIT_low_eff_su2_r1_d6_b01__none,pets_b01,eff_su2_r1_d6,low,none,lattice_round,entropy,adaptive_defended_calibration,0.5035999999999999,0.505,0.11,0.17,-0.506676197052002,as_defined,,,lattice_round
PETS_CREDIT_low_eff_su2_r1_d6_b01__none,pets_b01,eff_su2_r1_d6,low,none,lattice_round,margin,adaptive_defended_calibration,0.5035999999999999,0.505,0.11,0.17,0.5908503234386444,as_defined,,,lattice_round
PETS_CREDIT_low_eff_su2_r1_d6_b01__none,pets_b01,eff_su2_r1_d6,low,none,lattice_round,correctness,adaptive_defended_calibration,0.5,0.5,0.0,0.0,-inf,as_defined,,,lattice_round
PETS_CREDIT_low_eff_su2_r1_d6_b01__none,pets_b01,eff_su2_r1_d6,low,none,lattice_round,learned_pv_stats_logistic,adaptive_defended_calibration,0.4431,0.5,0.07,0.09,0.519100035873695,,,,lattice_round
PETS_CREDIT_low_eff_su2_r1_d6_b01__none,pets_b01,eff_su2_r1_d6,low,none,memgq_lattice,loss,adaptive_defended_calibration,0.5138999999999999,0.495,0.11,0.14,0.1941252276301384,inverted_from_calibration,,,memgq_lattice
PETS_CREDIT_low_eff_su2_r1_d6_b01__none,pets_b01,eff_su2_r1_d6,low,none,memgq_lattice,confidence,adaptive_defended_calibration,0.5138999999999999,0.495,0.11,0.14,-0.8235547840595245,inverted_from_calibration,,,memgq_lattice
PETS_CREDIT_low_eff_su2_r1_d6_b01__none,pets_b01,eff_su2_r1_d6,low,none,memgq_lattice,maximum_probability,adaptive_defended_calibration,0.479,0.5,0.08,0.13,-0.8087118566036224,inverted_from_calibration,,,memgq_lattice
PETS_CREDIT_low_eff_su2_r1_d6_b01__none,pets_b01,eff_su2_r1_d6,low,none,memgq_lattice,entropy,adaptive_defended_calibration,0.479,0.5,0.08,0.13,0.4880849421024322,inverted_from_calibration,,,memgq_lattice
PETS_CREDIT_low_eff_su2_r1_d6_b01__none,pets_b01,eff_su2_r1_d6,low,none,memgq_lattice,margin,adaptive_defended_calibration,0.479,0.5,0.08,0.13,-0.6174236834049225,inverted_from_calibration,,,memgq_lattice
PETS_CREDIT_low_eff_su2_r1_d6_b01__none,pets_b01,eff_su2_r1_d6,low,none,memgq_lattice,correctness,adaptive_defended_calibration,0.5,0.5,0.0,0.0,-inf,as_defined,,,memgq_lattice
PETS_CREDIT_low_eff_su2_r1_d6_b01__none,pets_b01,eff_su2_r1_d6,low,none,memgq_lattice,learned_pv_stats_logistic,adaptive_defended_calibration,0.4913,0.495,0.09,0.15,0.4736921423065136,,,,memgq_lattice
PETS_CREDIT_low_eff_su2_r1_d6_b01__none,pets_b01,eff_su2_r1_d6,low,none,memgq_lattice_sticky,loss,adaptive_defended_calibration,0.5084,0.505,0.1,0.15,0.203268676996231,inverted_from_calibration,,,memgq_lattice_sticky
PETS_CREDIT_low_eff_su2_r1_d6_b01__none,pets_b01,eff_su2_r1_d6,low,none,memgq_lattice_sticky,confidence,adaptive_defended_calibration,0.5084,0.505,0.1,0.15,-0.8160589635372162,inverted_from_calibration,,,memgq_lattice_sticky
PETS_CREDIT_low_eff_su2_r1_d6_b01__none,pets_b01,eff_su2_r1_d6,low,none,memgq_lattice_sticky,maximum_probability,adaptive_defended_calibration,0.4758,0.485,0.08,0.11,-0.8160589635372162,inverted_from_calibration,,,memgq_lattice_sticky
PETS_CREDIT_low_eff_su2_r1_d6_b01__none,pets_b01,eff_su2_r1_d6,low,none,memgq_lattice_sticky,entropy,adaptive_defended_calibration,0.4758,0.485,0.08,0.11,0.4773171544075012,inverted_from_calibration,,,memgq_lattice_sticky
PETS_CREDIT_low_eff_su2_r1_d6_b01__none,pets_b01,eff_su2_r1_d6,low,none,memgq_lattice_sticky,margin,adaptive_defended_calibration,0.4758,0.485,0.08,0.11,-0.6321179270744324,inverted_from_calibration,,,memgq_lattice_sticky
PETS_CREDIT_low_eff_su2_r1_d6_b01__none,pets_b01,eff_su2_r1_d6,low,none,memgq_lattice_sticky,correctness,adaptive_defended_calibration,0.5,0.5,0.0,0.0,-inf,as_defined,,,memgq_lattice_sticky
PETS_CREDIT_low_eff_su2_r1_d6_b01__none,pets_b01,eff_su2_r1_d6,low,none,memgq_lattice_sticky,learned_pv_stats_logistic,adaptive_defended_calibration,0.475,0.48,0.09,0.12,0.473016013291141,,,,memgq_lattice_sticky
PETS_CREDIT_high_eff_su2_r5_d6_b01__dp_qml,pets_b01,eff_su2_r5_d6,high,dp_qml,none,label_only_hsj,adaptive_defended_calibration,0.5,0.5,0.0,0.0,-inf,as_defined,,,dp_qml
PETS_CREDIT_high_eff_su2_r5_d6_b01__hamp_train,pets_b01,eff_su2_r5_d6,high,hamp_train,none,label_only_hsj,adaptive_defended_calibration,0.41625000000000006,0.475,0.05,0.1,0.010494005866348743,as_defined,,,hamp_train
PETS_CREDIT_high_eff_su2_r5_d6_b01__l2,pets_b01,eff_su2_r5_d6,high,l2,none,label_only_hsj,adaptive_defended_calibration,0.5,0.5,0.0,0.0,1.1201492249965668,as_defined,,,l2
PETS_CREDIT_high_eff_su2_r5_d6_b01__none,pets_b01,eff_su2_r5_d6,high,none,dynanoise,label_only_hsj,adaptive_defended_calibration,0.51,0.525,0.25,0.25,0.2803407981991768,as_defined,,,dynanoise
PETS_CREDIT_high_eff_su2_r5_d6_b01__none,pets_b01,eff_su2_r5_d6,high,none,lattice_round,label_only_hsj,adaptive_defended_calibration,0.4125,0.475,0.1,0.1,0.0029655375983566046,as_defined,,,lattice_round
PETS_CREDIT_high_eff_su2_r5_d6_b01__none,pets_b01,eff_su2_r5_d6,high,none,memgq_lattice_sticky,label_only_hsj,adaptive_defended_calibration,0.3975,0.475,0.1,0.1,0.001560977310873568,as_defined,,,memgq_lattice_sticky
PETS_CREDIT_high_eff_su2_r5_d6_b01__none,pets_b01,eff_su2_r5_d6,high,none,none,label_only_hsj,adaptive_defended_calibration,0.4,0.475,0.1,0.1,0.0036207959055900574,as_defined,,,none
PETS_CREDIT_low_eff_su2_r1_d6_b01__dp_qml,pets_b01,eff_su2_r1_d6,low,dp_qml,none,label_only_hsj,adaptive_defended_calibration,0.5,0.5,0.0,0.0,-inf,as_defined,,,dp_qml
PETS_CREDIT_low_eff_su2_r1_d6_b01__hamp_train,pets_b01,eff_su2_r1_d6,low,hamp_train,none,label_only_hsj,adaptive_defended_calibration,0.57875,0.55,0.0,0.0,-0.43736742436885834,inverted_from_calibration,,,hamp_train
PETS_CREDIT_low_eff_su2_r1_d6_b01__l2,pets_b01,eff_su2_r1_d6,low,l2,none,label_only_hsj,adaptive_defended_calibration,0.5,0.5,0.0,0.0,-inf,as_defined,,,l2
PETS_CREDIT_low_eff_su2_r1_d6_b01__none,pets_b01,eff_su2_r1_d6,low,none,dynanoise,label_only_hsj,adaptive_defended_calibration,0.49125,0.475,0.0,0.0,-0.2986798584461212,inverted_from_calibration,,,dynanoise
PETS_CREDIT_low_eff_su2_r1_d6_b01__none,pets_b01,eff_su2_r1_d6,low,none,lattice_round,label_only_hsj,adaptive_defended_calibration,0.57875,0.5,0.0,0.0,-0.46095339953899384,inverted_from_calibration,,,lattice_round
PETS_CREDIT_low_eff_su2_r1_d6_b01__none,pets_b01,eff_su2_r1_d6,low,none,memgq_lattice_sticky,label_only_hsj,adaptive_defended_calibration,0.5812499999999999,0.5,0.0,0.0,-0.4624628573656082,inverted_from_calibration,,,memgq_lattice_sticky
PETS_CREDIT_low_eff_su2_r1_d6_b01__none,pets_b01,eff_su2_r1_d6,low,none,none,label_only_hsj,adaptive_defended_calibration,0.57875,0.5,0.0,0.0,-0.46485885977745056,inverted_from_calibration,,,none
PETS_CREDIT_high_eff_su2_r5_d6_b01__l2,pets_b01,eff_su2_r5_d6,high,l2,none,lira_online,adaptive_defended_reference_models,0.49069999999999997,0.495,0.08,0.14,-0.10239561765240879,inverted_from_calibration,,,l2
PETS_CREDIT_high_eff_su2_r5_d6_b01__l2,pets_b01,eff_su2_r5_d6,high,l2,none,lira_online_fixed_variance,adaptive_defended_reference_models,0.4926,0.47,0.09,0.12,-1.37090381871151,as_defined,,,l2
PETS_CREDIT_high_eff_su2_r5_d6_b01__l2,pets_b01,eff_su2_r5_d6,high,l2,none,lira_offline,adaptive_defended_reference_models,0.5001,0.55,0.03,0.05,0.5182776332010424,inverted_from_calibration,,,l2
PETS_CREDIT_high_eff_su2_r5_d6_b01__l2,pets_b01,eff_su2_r5_d6,high,l2,none,lira_offline_fixed_variance,adaptive_defended_reference_models,0.49500000000000005,0.48,0.03,0.11,0.7043723827758077,inverted_from_calibration,,,l2
PETS_CREDIT_high_eff_su2_r5_d6_b01__l2,pets_b01,eff_su2_r5_d6,high,l2,none,global_true_class_log_odds,adaptive_defended_reference_models,0.5273000000000001,0.51,0.07,0.16,1.0002494060746736,as_defined,,,l2
PETS_CREDIT_high_eff_su2_r5_d6_b01__none,pets_b01,eff_su2_r5_d6,high,none,dynanoise,lira_online,adaptive_defended_reference_models,0.5803,0.5599999999999999,0.11,0.14,0.3739454775081016,as_defined,,,dynanoise
PETS_CREDIT_high_eff_su2_r5_d6_b01__none,pets_b01,eff_su2_r5_d6,high,none,dynanoise,lira_online_fixed_variance,adaptive_defended_reference_models,0.5941000000000001,0.5900000000000001,0.12,0.14,0.1477142620998968,as_defined,,,dynanoise
PETS_CREDIT_high_eff_su2_r5_d6_b01__none,pets_b01,eff_su2_r5_d6,high,none,dynanoise,lira_offline,adaptive_defended_reference_models,0.5193,0.495,0.06,0.12,-1.4311086906498565,as_defined,,,dynanoise
PETS_CREDIT_high_eff_su2_r5_d6_b01__none,pets_b01,eff_su2_r5_d6,high,none,dynanoise,lira_offline_fixed_variance,adaptive_defended_reference_models,0.4611,0.49,0.09,0.11,0.47404811584423623,inverted_from_calibration,,,dynanoise
PETS_CREDIT_high_eff_su2_r5_d6_b01__none,pets_b01,eff_su2_r5_d6,high,none,dynanoise,global_true_class_log_odds,adaptive_defended_reference_models,0.5866000000000001,0.56,0.16,0.18,0.18083890653779638,as_defined,,,dynanoise
PETS_CREDIT_high_eff_su2_r5_d6_b01__none,pets_b01,eff_su2_r5_d6,high,none,hamp_output,lira_online,adaptive_defended_reference_models,0.4934,0.5,0.03,0.07,0.21113309710763495,as_defined,,,hamp_output
PETS_CREDIT_high_eff_su2_r5_d6_b01__none,pets_b01,eff_su2_r5_d6,high,none,hamp_output,lira_online_fixed_variance,adaptive_defended_reference_models,0.5308,0.5349999999999999,0.08,0.11,-0.4376380557975934,as_defined,,,hamp_output
PETS_CREDIT_high_eff_su2_r5_d6_b01__none,pets_b01,eff_su2_r5_d6,high,none,hamp_output,lira_offline,adaptive_defended_reference_models,0.4647,0.475,0.03,0.06,0.10953155062114789,as_defined,,,hamp_output
PETS_CREDIT_high_eff_su2_r5_d6_b01__none,pets_b01,eff_su2_r5_d6,high,none,hamp_output,lira_offline_fixed_variance,adaptive_defended_reference_models,0.5184,0.52,0.07,0.15,-1.4068771511260798,inverted_from_calibration,,,hamp_output
PETS_CREDIT_high_eff_su2_r5_d6_b01__none,pets_b01,eff_su2_r5_d6,high,none,hamp_output,global_true_class_log_odds,adaptive_defended_reference_models,0.5039,0.525,0.04,0.15,-1.031560655180407,as_defined,,,hamp_output
PETS_CREDIT_high_eff_su2_r5_d6_b01__none,pets_b01,eff_su2_r5_d6,high,none,lattice_round,lira_online,adaptive_defended_reference_models,0.5512,0.53,0.07,0.14,-0.027445674449616264,as_defined,,,lattice_round
PETS_CREDIT_high_eff_su2_r5_d6_b01__none,pets_b01,eff_su2_r5_d6,high,none,lattice_round,lira_online_fixed_variance,adaptive_defended_reference_models,0.38939999999999997,0.465,0.02,0.05,-0.4826975414926736,inverted_from_calibration,,,lattice_round
PETS_CREDIT_high_eff_su2_r5_d6_b01__none,pets_b01,eff_su2_r5_d6,high,none,lattice_round,lira_offline,adaptive_defended_reference_models,0.5013000000000001,0.44999999999999996,0.05,0.08,-1.6073899398785896,inverted_from_calibration,,,lattice_round
PETS_CREDIT_high_eff_su2_r5_d6_b01__none,pets_b01,eff_su2_r5_d6,high,none,lattice_round,lira_offline_fixed_variance,adaptive_defended_reference_models,0.45030000000000003,0.49,0.07,0.09,-0.9917798584067883,inverted_from_calibration,,,lattice_round
PETS_CREDIT_high_eff_su2_r5_d6_b01__none,pets_b01,eff_su2_r5_d6,high,none,lattice_round,global_true_class_log_odds,adaptive_defended_reference_models,0.5894,0.59,0.13,0.18,1.7398865069311409,as_defined,,,lattice_round
PETS_CREDIT_high_eff_su2_r5_d6_b01__none,pets_b01,eff_su2_r5_d6,high,none,logitguard_continuous,lira_online,adaptive_defended_reference_models,0.5097,0.5,0.07,0.1,0.5472886105435857,as_defined,,,logitguard_continuous
PETS_CREDIT_high_eff_su2_r5_d6_b01__none,pets_b01,eff_su2_r5_d6,high,none,logitguard_continuous,lira_online_fixed_variance,adaptive_defended_reference_models,0.46980000000000005,0.53,0.0,0.01,-0.14966575251011593,inverted_from_calibration,,,logitguard_continuous
PETS_CREDIT_high_eff_su2_r5_d6_b01__none,pets_b01,eff_su2_r5_d6,high,none,logitguard_continuous,lira_offline,adaptive_defended_reference_models,0.491,0.5,0.04,0.07,1.0265967203849489,inverted_from_calibration,,,logitguard_continuous
PETS_CREDIT_high_eff_su2_r5_d6_b01__none,pets_b01,eff_su2_r5_d6,high,none,logitguard_continuous,lira_offline_fixed_variance,adaptive_defended_reference_models,0.5093,0.49,0.04,0.13,-0.3409308737237453,inverted_from_calibration,,,logitguard_continuous
PETS_CREDIT_high_eff_su2_r5_d6_b01__none,pets_b01,eff_su2_r5_d6,high,none,logitguard_continuous,global_true_class_log_odds,adaptive_defended_reference_models,0.5818,0.5700000000000001,0.03,0.14,1.4345393995859008,as_defined,,,logitguard_continuous
PETS_CREDIT_high_eff_su2_r5_d6_b01__none,pets_b01,eff_su2_r5_d6,high,none,logitguard_quantized,lira_online,adaptive_defended_reference_models,0.48800000000000004,0.495,0.05,0.12,0.7245682215698829,as_defined,,,logitguard_quantized
PETS_CREDIT_high_eff_su2_r5_d6_b01__none,pets_b01,eff_su2_r5_d6,high,none,logitguard_quantized,lira_online_fixed_variance,adaptive_defended_reference_models,0.46395,0.47,0.0,0.01,-0.15071328056384653,inverted_from_calibration,,,logitguard_quantized
PETS_CREDIT_high_eff_su2_r5_d6_b01__none,pets_b01,eff_su2_r5_d6,high,none,logitguard_quantized,lira_offline,adaptive_defended_reference_models,0.50175,0.5,0.02,0.06,1.380996251493941,inverted_from_calibration,,,logitguard_quantized
PETS_CREDIT_high_eff_su2_r5_d6_b01__none,pets_b01,eff_su2_r5_d6,high,none,logitguard_quantized,lira_offline_fixed_variance,adaptive_defended_reference_models,0.5002,0.52,0.0,0.05,-0.3467789949147794,inverted_from_calibration,,,logitguard_quantized
PETS_CREDIT_high_eff_su2_r5_d6_b01__none,pets_b01,eff_su2_r5_d6,high,none,logitguard_quantized,global_true_class_log_odds,adaptive_defended_reference_models,0.583,0.535,0.03,0.06,1.4100002009672057,as_defined,,,logitguard_quantized
PETS_CREDIT_high_eff_su2_r5_d6_b01__none,pets_b01,eff_su2_r5_d6,high,none,measurementguard_continuous,lira_online,adaptive_defended_reference_models,0.5138,0.5,0.1,0.15,0.46401994177546746,as_defined,,,measurementguard_continuous
PETS_CREDIT_high_eff_su2_r5_d6_b01__none,pets_b01,eff_su2_r5_d6,high,none,measurementguard_continuous,lira_online_fixed_variance,adaptive_defended_reference_models,0.5677000000000001,0.53,0.1,0.2,0.07032024341255805,as_defined,,,measurementguard_continuous
PETS_CREDIT_high_eff_su2_r5_d6_b01__none,pets_b01,eff_su2_r5_d6,high,none,measurementguard_continuous,lira_offline,adaptive_defended_reference_models,0.49439999999999995,0.5,0.04,0.07,-3.0537867255758577,inverted_from_calibration,,,measurementguard_continuous
PETS_CREDIT_high_eff_su2_r5_d6_b01__none,pets_b01,eff_su2_r5_d6,high,none,measurementguard_continuous,lira_offline_fixed_variance,adaptive_defended_reference_models,0.5009,0.515,0.05,0.08,0.5884235065567807,as_defined,,,measurementguard_continuous
PETS_CREDIT_high_eff_su2_r5_d6_b01__none,pets_b01,eff_su2_r5_d6,high,none,measurementguard_continuous,global_true_class_log_odds,adaptive_defended_reference_models,0.5534,0.56,0.08,0.15,1.6804020070051027,as_defined,,,measurementguard_continuous
PETS_CREDIT_high_eff_su2_r5_d6_b01__none,pets_b01,eff_su2_r5_d6,high,none,memgq_lattice,lira_online,adaptive_defended_reference_models,0.5546,0.535,0.1,0.15,0.8910028629714479,as_defined,,,memgq_lattice
PETS_CREDIT_high_eff_su2_r5_d6_b01__none,pets_b01,eff_su2_r5_d6,high,none,memgq_lattice,lira_online_fixed_variance,adaptive_defended_reference_models,0.5745,0.55,0.1,0.16,0.12404092327307459,as_defined,,,memgq_lattice
PETS_CREDIT_high_eff_su2_r5_d6_b01__none,pets_b01,eff_su2_r5_d6,high,none,memgq_lattice,lira_offline,adaptive_defended_reference_models,0.4956,0.525,0.05,0.11,0.16691313911403755,as_defined,,,memgq_lattice
PETS_CREDIT_high_eff_su2_r5_d6_b01__none,pets_b01,eff_su2_r5_d6,high,none,memgq_lattice,lira_offline_fixed_variance,adaptive_defended_reference_models,0.4979,0.51,0.07,0.08,0.6184094332476217,as_defined,,,memgq_lattice
PETS_CREDIT_high_eff_su2_r5_d6_b01__none,pets_b01,eff_su2_r5_d6,high,none,memgq_lattice,global_true_class_log_odds,adaptive_defended_reference_models,0.5181,0.525,0.06,0.11,1.7258063348776114,as_defined,,,memgq_lattice
PETS_CREDIT_high_eff_su2_r5_d6_b01__none,pets_b01,eff_su2_r5_d6,high,none,memgq_lattice_sticky,lira_online,adaptive_defended_reference_models,0.5145,0.52,0.09,0.15,0.9029850938945267,as_defined,,,memgq_lattice_sticky
PETS_CREDIT_high_eff_su2_r5_d6_b01__none,pets_b01,eff_su2_r5_d6,high,none,memgq_lattice_sticky,lira_online_fixed_variance,adaptive_defended_reference_models,0.5529,0.52,0.09,0.14,0.11007451864256801,as_defined,,,memgq_lattice_sticky
PETS_CREDIT_high_eff_su2_r5_d6_b01__none,pets_b01,eff_su2_r5_d6,high,none,memgq_lattice_sticky,lira_offline,adaptive_defended_reference_models,0.5232,0.52,0.05,0.09,0.03594453478286197,as_defined,,,memgq_lattice_sticky
PETS_CREDIT_high_eff_su2_r5_d6_b01__none,pets_b01,eff_su2_r5_d6,high,none,memgq_lattice_sticky,lira_offline_fixed_variance,adaptive_defended_reference_models,0.5322,0.525,0.06,0.09,0.6204893238225453,as_defined,,,memgq_lattice_sticky
PETS_CREDIT_high_eff_su2_r5_d6_b01__none,pets_b01,eff_su2_r5_d6,high,none,memgq_lattice_sticky,global_true_class_log_odds,adaptive_defended_reference_models,0.552,0.5549999999999999,0.08,0.16,1.6459006103796334,as_defined,,,memgq_lattice_sticky
PETS_CREDIT_high_eff_su2_r5_d6_b01__none,pets_b01,eff_su2_r5_d6,high,none,memguard,lira_online,adaptive_defended_reference_models,0.5741,0.54,0.02,0.1,-0.15523794558428305,as_defined,,,memguard
PETS_CREDIT_high_eff_su2_r5_d6_b01__none,pets_b01,eff_su2_r5_d6,high,none,memguard,lira_online_fixed_variance,adaptive_defended_reference_models,0.618,0.5650000000000001,0.1,0.2,0.1542277363408116,as_defined,,,memguard
PETS_CREDIT_high_eff_su2_r5_d6_b01__none,pets_b01,eff_su2_r5_d6,high,none,memguard,lira_offline,adaptive_defended_reference_models,0.5509,0.53,0.09,0.22,-2.562957142479745,inverted_from_calibration,,,memguard
PETS_CREDIT_high_eff_su2_r5_d6_b01__none,pets_b01,eff_su2_r5_d6,high,none,memguard,lira_offline_fixed_variance,adaptive_defended_reference_models,0.5539000000000001,0.52,0.09,0.2,-0.46417469058984817,inverted_from_calibration,,,memguard
PETS_CREDIT_high_eff_su2_r5_d6_b01__none,pets_b01,eff_su2_r5_d6,high,none,memguard,global_true_class_log_odds,adaptive_defended_reference_models,0.5994999999999999,0.6,0.05,0.13,1.5458606183385761,as_defined,,,memguard
PETS_CREDIT_high_eff_su2_r5_d6_b01__none,pets_b01,eff_su2_r5_d6,high,none,none,lira_online,adaptive_defended_reference_models,0.5603,0.545,0.07,0.11,0.3921415468460595,as_defined,,,none
PETS_CREDIT_high_eff_su2_r5_d6_b01__none,pets_b01,eff_su2_r5_d6,high,none,none,lira_online_fixed_variance,adaptive_defended_reference_models,0.3911,0.455,0.01,0.07,-0.49810840076273677,inverted_from_calibration,,,none
PETS_CREDIT_high_eff_su2_r5_d6_b01__none,pets_b01,eff_su2_r5_d6,high,none,none,lira_offline,adaptive_defended_reference_models,0.5113,0.46499999999999997,0.06,0.1,0.9922473421715289,as_defined,,,none
PETS_CREDIT_high_eff_su2_r5_d6_b01__none,pets_b01,eff_su2_r5_d6,high,none,none,lira_offline_fixed_variance,adaptive_defended_reference_models,0.44350000000000006,0.45499999999999996,0.01,0.08,-1.5187099392072552,inverted_from_calibration,,,none
PETS_CREDIT_high_eff_su2_r5_d6_b01__none,pets_b01,eff_su2_r5_d6,high,none,none,global_true_class_log_odds,adaptive_defended_reference_models,0.5903,0.595,0.13,0.18,1.6863666943299458,as_defined,,,none
PETS_CREDIT_low_eff_su2_r1_d6_b01__l2,pets_b01,eff_su2_r1_d6,low,l2,none,lira_online,adaptive_defended_reference_models,0.4373,0.45999999999999996,0.02,0.04,0.02039111967941365,inverted_from_calibration,,,l2
PETS_CREDIT_low_eff_su2_r1_d6_b01__l2,pets_b01,eff_su2_r1_d6,low,l2,none,lira_online_fixed_variance,adaptive_defended_reference_models,0.4212,0.45499999999999996,0.02,0.06,0.20120320248743706,inverted_from_calibration,,,l2
PETS_CREDIT_low_eff_su2_r1_d6_b01__l2,pets_b01,eff_su2_r1_d6,low,l2,none,lira_offline,adaptive_defended_reference_models,0.5694999999999999,0.515,0.11,0.12,1.2592145461056639,as_defined,,,l2
PETS_CREDIT_low_eff_su2_r1_d6_b01__l2,pets_b01,eff_su2_r1_d6,low,l2,none,lira_offline_fixed_variance,adaptive_defended_reference_models,0.45100000000000007,0.44499999999999995,0.03,0.07,0.27799547752271414,inverted_from_calibration,,,l2
PETS_CREDIT_low_eff_su2_r1_d6_b01__l2,pets_b01,eff_su2_r1_d6,low,l2,none,global_true_class_log_odds,adaptive_defended_reference_models,0.529,0.525,0.06,0.15,1.2949527471071618,as_defined,,,l2
PETS_CREDIT_low_eff_su2_r1_d6_b01__none,pets_b01,eff_su2_r1_d6,low,none,dynanoise,lira_online,adaptive_defended_reference_models,0.4508,0.485,0.07,0.09,-0.11622012172598306,as_defined,,,dynanoise
PETS_CREDIT_low_eff_su2_r1_d6_b01__none,pets_b01,eff_su2_r1_d6,low,none,dynanoise,lira_online_fixed_variance,adaptive_defended_reference_models,0.4823,0.495,0.07,0.15,-0.01586481097947634,as_defined,,,dynanoise
PETS_CREDIT_low_eff_su2_r1_d6_b01__none,pets_b01,eff_su2_r1_d6,low,none,dynanoise,lira_offline,adaptive_defended_reference_models,0.4192,0.45999999999999996,0.08,0.1,-2.1168664823800647,as_defined,,,dynanoise
PETS_CREDIT_low_eff_su2_r1_d6_b01__none,pets_b01,eff_su2_r1_d6,low,none,dynanoise,lira_offline_fixed_variance,adaptive_defended_reference_models,0.4507,0.435,0.06,0.11,-1.8886198947838102,as_defined,,,dynanoise
PETS_CREDIT_low_eff_su2_r1_d6_b01__none,pets_b01,eff_su2_r1_d6,low,none,dynanoise,global_true_class_log_odds,adaptive_defended_reference_models,0.533,0.57,0.13,0.19,0.1402671114427857,as_defined,,,dynanoise
PETS_CREDIT_low_eff_su2_r1_d6_b01__none,pets_b01,eff_su2_r1_d6,low,none,hamp_output,lira_online,adaptive_defended_reference_models,0.4825,0.495,0.08,0.13,0.4607842707818023,as_defined,,,hamp_output
PETS_CREDIT_low_eff_su2_r1_d6_b01__none,pets_b01,eff_su2_r1_d6,low,none,hamp_output,lira_online_fixed_variance,adaptive_defended_reference_models,0.5369,0.53,0.09,0.13,0.06338228219955355,as_defined,,,hamp_output
PETS_CREDIT_low_eff_su2_r1_d6_b01__none,pets_b01,eff_su2_r1_d6,low,none,hamp_output,lira_offline,adaptive_defended_reference_models,0.4435,0.45499999999999996,0.07,0.17,-0.5443300503765555,as_defined,,,hamp_output
PETS_CREDIT_low_eff_su2_r1_d6_b01__none,pets_b01,eff_su2_r1_d6,low,none,hamp_output,lira_offline_fixed_variance,adaptive_defended_reference_models,0.5097,0.5,0.09,0.12,0.09155094177183248,as_defined,,,hamp_output
PETS_CREDIT_low_eff_su2_r1_d6_b01__none,pets_b01,eff_su2_r1_d6,low,none,hamp_output,global_true_class_log_odds,adaptive_defended_reference_models,0.5546000000000001,0.535,0.05,0.09,-1.2303279895820904,inverted_from_calibration,,,hamp_output
PETS_CREDIT_low_eff_su2_r1_d6_b01__none,pets_b01,eff_su2_r1_d6,low,none,lattice_round,lira_online,adaptive_defended_reference_models,0.5179,0.525,0.11,0.15,-0.02560694345635217,as_defined,,,lattice_round
PETS_CREDIT_low_eff_su2_r1_d6_b01__none,pets_b01,eff_su2_r1_d6,low,none,lattice_round,lira_online_fixed_variance,adaptive_defended_reference_models,0.5131,0.53,0.07,0.11,0.6713384922900355,as_defined,,,lattice_round
PETS_CREDIT_low_eff_su2_r1_d6_b01__none,pets_b01,eff_su2_r1_d6,low,none,lattice_round,lira_offline,adaptive_defended_reference_models,0.4992,0.525,0.06,0.13,0.7514517932992786,as_defined,,,lattice_round
PETS_CREDIT_low_eff_su2_r1_d6_b01__none,pets_b01,eff_su2_r1_d6,low,none,lattice_round,lira_offline_fixed_variance,adaptive_defended_reference_models,0.497,0.515,0.07,0.08,0.3971342135731269,as_defined,,,lattice_round
PETS_CREDIT_low_eff_su2_r1_d6_b01__none,pets_b01,eff_su2_r1_d6,low,none,lattice_round,global_true_class_log_odds,adaptive_defended_reference_models,0.5368,0.55,0.08,0.17,1.3568863207699557,as_defined,,,lattice_round
PETS_CREDIT_low_eff_su2_r1_d6_b01__none,pets_b01,eff_su2_r1_d6,low,none,logitguard_continuous,lira_online,adaptive_defended_reference_models,0.43929999999999997,0.435,0.03,0.11,0.10159045683674073,as_defined,,,logitguard_continuous
PETS_CREDIT_low_eff_su2_r1_d6_b01__none,pets_b01,eff_su2_r1_d6,low,none,logitguard_continuous,lira_online_fixed_variance,adaptive_defended_reference_models,0.45570000000000005,0.44000000000000006,0.07,0.13,0.362401542286763,as_defined,,,logitguard_continuous
PETS_CREDIT_low_eff_su2_r1_d6_b01__none,pets_b01,eff_su2_r1_d6,low,none,logitguard_continuous,lira_offline,adaptive_defended_reference_models,0.5304,0.52,0.13,0.13,-1.176966635948463,inverted_from_calibration,,,logitguard_continuous
PETS_CREDIT_low_eff_su2_r1_d6_b01__none,pets_b01,eff_su2_r1_d6,low,none,logitguard_continuous,lira_offline_fixed_variance,adaptive_defended_reference_models,0.5424000000000001,0.525,0.13,0.17,0.13472366260754665,inverted_from_calibration,,,logitguard_continuous
PETS_CREDIT_low_eff_su2_r1_d6_b01__none,pets_b01,eff_su2_r1_d6,low,none,logitguard_continuous,global_true_class_log_odds,adaptive_defended_reference_models,0.5309,0.5,0.12,0.15,1.376808723972494,as_defined,,,logitguard_continuous
PETS_CREDIT_low_eff_su2_r1_d6_b01__none,pets_b01,eff_su2_r1_d6,low,none,logitguard_quantized,lira_online,adaptive_defended_reference_models,0.4516,0.45,0.02,0.06,-0.44204621739303795,as_defined,,,logitguard_quantized
PETS_CREDIT_low_eff_su2_r1_d6_b01__none,pets_b01,eff_su2_r1_d6,low,none,logitguard_quantized,lira_online_fixed_variance,adaptive_defended_reference_models,0.4599,0.455,0.07,0.12,0.3587218098061892,as_defined,,,logitguard_quantized
PETS_CREDIT_low_eff_su2_r1_d6_b01__none,pets_b01,eff_su2_r1_d6,low,none,logitguard_quantized,lira_offline,adaptive_defended_reference_models,0.5446,0.5,0.11,0.2,1.432321697495612,inverted_from_calibration,,,logitguard_quantized
PETS_CREDIT_low_eff_su2_r1_d6_b01__none,pets_b01,eff_su2_r1_d6,low,none,logitguard_quantized,lira_offline_fixed_variance,adaptive_defended_reference_models,0.55815,0.5449999999999999,0.1,0.14,0.13401019534246505,inverted_from_calibration,,,logitguard_quantized
PETS_CREDIT_low_eff_su2_r1_d6_b01__none,pets_b01,eff_su2_r1_d6,low,none,logitguard_quantized,global_true_class_log_odds,adaptive_defended_reference_models,0.5272,0.5,0.1,0.15,1.3300000218408692,as_defined,,,logitguard_quantized
PETS_CREDIT_low_eff_su2_r1_d6_b01__none,pets_b01,eff_su2_r1_d6,low,none,measurementguard_continuous,lira_online,adaptive_defended_reference_models,0.4412,0.455,0.14,0.17,0.4102334753410499,as_defined,,,measurementguard_continuous
PETS_CREDIT_low_eff_su2_r1_d6_b01__none,pets_b01,eff_su2_r1_d6,low,none,measurementguard_continuous,lira_online_fixed_variance,adaptive_defended_reference_models,0.47209999999999996,0.505,0.09,0.15,0.2959531453935496,as_defined,,,measurementguard_continuous
PETS_CREDIT_low_eff_su2_r1_d6_b01__none,pets_b01,eff_su2_r1_d6,low,none,measurementguard_continuous,lira_offline,adaptive_defended_reference_models,0.4824,0.455,0.09,0.14,-0.4808202470698354,as_defined,,,measurementguard_continuous
PETS_CREDIT_low_eff_su2_r1_d6_b01__none,pets_b01,eff_su2_r1_d6,low,none,measurementguard_continuous,lira_offline_fixed_variance,adaptive_defended_reference_models,0.4991,0.48,0.1,0.12,0.027392143075423092,as_defined,,,measurementguard_continuous
PETS_CREDIT_low_eff_su2_r1_d6_b01__none,pets_b01,eff_su2_r1_d6,low,none,measurementguard_continuous,global_true_class_log_odds,adaptive_defended_reference_models,0.4831,0.525,0.01,0.09,-1.3123986096373175,as_defined,,,measurementguard_continuous
PETS_CREDIT_low_eff_su2_r1_d6_b01__none,pets_b01,eff_su2_r1_d6,low,none,memgq_lattice,lira_online,adaptive_defended_reference_models,0.5198,0.515,0.02,0.07,0.09275219179997629,inverted_from_calibration,,,memgq_lattice
PETS_CREDIT_low_eff_su2_r1_d6_b01__none,pets_b01,eff_su2_r1_d6,low,none,memgq_lattice,lira_online_fixed_variance,adaptive_defended_reference_models,0.5178,0.545,0.07,0.1,-0.07211275873245737,inverted_from_calibration,,,memgq_lattice
PETS_CREDIT_low_eff_su2_r1_d6_b01__none,pets_b01,eff_su2_r1_d6,low,none,memgq_lattice,lira_offline,adaptive_defended_reference_models,0.5019,0.5,0.05,0.1,1.0012890330157407,inverted_from_calibration,,,memgq_lattice
PETS_CREDIT_low_eff_su2_r1_d6_b01__none,pets_b01,eff_su2_r1_d6,low,none,memgq_lattice,lira_offline_fixed_variance,adaptive_defended_reference_models,0.5077,0.48500000000000004,0.05,0.09,-0.059320490720990326,inverted_from_calibration,,,memgq_lattice
PETS_CREDIT_low_eff_su2_r1_d6_b01__none,pets_b01,eff_su2_r1_d6,low,none,memgq_lattice,global_true_class_log_odds,adaptive_defended_reference_models,0.46159999999999995,0.45499999999999996,0.04,0.09,1.4841501195797888,as_defined,,,memgq_lattice
PETS_CREDIT_low_eff_su2_r1_d6_b01__none,pets_b01,eff_su2_r1_d6,low,none,memgq_lattice_sticky,lira_online,adaptive_defended_reference_models,0.4525,0.505,0.09,0.16,0.7028766853496027,as_defined,,,memgq_lattice_sticky
PETS_CREDIT_low_eff_su2_r1_d6_b01__none,pets_b01,eff_su2_r1_d6,low,none,memgq_lattice_sticky,lira_online_fixed_variance,adaptive_defended_reference_models,0.44329999999999997,0.42500000000000004,0.06,0.15,0.17655534925800231,as_defined,,,memgq_lattice_sticky
PETS_CREDIT_low_eff_su2_r1_d6_b01__none,pets_b01,eff_su2_r1_d6,low,none,memgq_lattice_sticky,lira_offline,adaptive_defended_reference_models,0.5117,0.505,0.07,0.14,-0.03421648942509453,inverted_from_calibration,,,memgq_lattice_sticky
PETS_CREDIT_low_eff_su2_r1_d6_b01__none,pets_b01,eff_su2_r1_d6,low,none,memgq_lattice_sticky,lira_offline_fixed_variance,adaptive_defended_reference_models,0.5181,0.535,0.06,0.11,0.06614245921745787,inverted_from_calibration,,,memgq_lattice_sticky
PETS_CREDIT_low_eff_su2_r1_d6_b01__none,pets_b01,eff_su2_r1_d6,low,none,memgq_lattice_sticky,global_true_class_log_odds,adaptive_defended_reference_models,0.46809999999999996,0.44499999999999995,0.03,0.09,1.4124138554802503,as_defined,,,memgq_lattice_sticky
PETS_CREDIT_low_eff_su2_r1_d6_b01__none,pets_b01,eff_su2_r1_d6,low,none,memguard,lira_online,adaptive_defended_reference_models,0.5036,0.48,0.1,0.18,0.22491140367165308,as_defined,,,memguard
PETS_CREDIT_low_eff_su2_r1_d6_b01__none,pets_b01,eff_su2_r1_d6,low,none,memguard,lira_online_fixed_variance,adaptive_defended_reference_models,0.5668,0.51,0.06,0.17,-0.14974158753375555,as_defined,,,memguard
PETS_CREDIT_low_eff_su2_r1_d6_b01__none,pets_b01,eff_su2_r1_d6,low,none,memguard,lira_offline,adaptive_defended_reference_models,0.4742,0.515,0.03,0.1,0.5408732728506864,as_defined,,,memguard
PETS_CREDIT_low_eff_su2_r1_d6_b01__none,pets_b01,eff_su2_r1_d6,low,none,memguard,lira_offline_fixed_variance,adaptive_defended_reference_models,0.5207,0.49,0.07,0.13,0.0035637655133975987,as_defined,,,memguard
PETS_CREDIT_low_eff_su2_r1_d6_b01__none,pets_b01,eff_su2_r1_d6,low,none,memguard,global_true_class_log_odds,adaptive_defended_reference_models,0.5426,0.545,0.12,0.23,1.3559258874679245,as_defined,,,memguard
PETS_CREDIT_low_eff_su2_r1_d6_b01__none,pets_b01,eff_su2_r1_d6,low,none,none,lira_online,adaptive_defended_reference_models,0.4622,0.495,0.03,0.07,2.0202865342834384,inverted_from_calibration,,,none
PETS_CREDIT_low_eff_su2_r1_d6_b01__none,pets_b01,eff_su2_r1_d6,low,none,none,lira_online_fixed_variance,adaptive_defended_reference_models,0.5188999999999999,0.535,0.08,0.1,0.6262022834144069,as_defined,,,none
PETS_CREDIT_low_eff_su2_r1_d6_b01__none,pets_b01,eff_su2_r1_d6,low,none,none,lira_offline,adaptive_defended_reference_models,0.5187,0.535,0.11,0.13,0.8872272000275585,as_defined,,,none
PETS_CREDIT_low_eff_su2_r1_d6_b01__none,pets_b01,eff_su2_r1_d6,low,none,none,lira_offline_fixed_variance,adaptive_defended_reference_models,0.49799999999999994,0.51,0.07,0.08,0.36338187062006044,as_defined,,,none
PETS_CREDIT_low_eff_su2_r1_d6_b01__none,pets_b01,eff_su2_r1_d6,low,none,none,global_true_class_log_odds,adaptive_defended_reference_models,0.5375,0.55,0.08,0.17,1.3481806603082522,as_defined,,,none
PETS_CREDIT_high_eff_su2_r5_d6_b01__none,pets_b01,eff_su2_r5_d6,high,none,none,nearby_query_logistic_q32,adaptive_defended_calibration,0.542,0.51,0.14,0.16,0.5449020099753787,,0.004339258186519146,0.004999999888241291,none
PETS_CREDIT_high_eff_su2_r5_d6_b01__none,pets_b01,eff_su2_r5_d6,high,none,logitguard_continuous,nearby_query_logistic_q32,adaptive_defended_calibration,0.4755,0.51,0.04,0.1,0.4765912163147097,,0.010201017372310162,0.004999999888241291,logitguard_continuous
PETS_CREDIT_high_eff_su2_r5_d6_b01__none,pets_b01,eff_su2_r5_d6,high,none,logitguard_quantized,nearby_query_logistic_q32,adaptive_defended_calibration,0.5041,0.52,0.02,0.1,0.4554413744904141,,0.01030408963561058,0.004999999888241291,logitguard_quantized
PETS_CREDIT_high_eff_su2_r5_d6_b01__none,pets_b01,eff_su2_r5_d6,high,none,measurementguard_continuous,nearby_query_logistic_q32,adaptive_defended_calibration,0.522,0.475,0.1,0.12,0.48736133320879316,,0.013359487056732178,0.004999999888241291,measurementguard_continuous
PETS_CREDIT_high_eff_su2_r5_d6_b01__none,pets_b01,eff_su2_r5_d6,high,none,lattice_round,nearby_query_logistic_q32,adaptive_defended_calibration,0.5113,0.475,0.14,0.18,0.5104581676032245,,0.006744768470525742,0.005156249739229679,lattice_round
PETS_CREDIT_high_eff_su2_r5_d6_b01__none,pets_b01,eff_su2_r5_d6,high,none,memgq_lattice,nearby_query_logistic_q32,adaptive_defended_calibration,0.498,0.46499999999999997,0.1,0.16,0.4620703154828101,,0.01799742691218853,0.004999999888241291,memgq_lattice
PETS_CREDIT_high_eff_su2_r5_d6_b01__none,pets_b01,eff_su2_r5_d6,high,none,memgq_lattice_sticky,nearby_query_logistic_q32,adaptive_defended_calibration,0.47219999999999995,0.455,0.05,0.06,0.48004163035504177,,0.022503113374114037,0.006562499795109034,memgq_lattice_sticky
PETS_CREDIT_low_eff_su2_r1_d6_b01__none,pets_b01,eff_su2_r1_d6,low,none,none,nearby_query_logistic_q32,adaptive_defended_calibration,0.5096,0.465,0.09,0.1,0.44166338727947724,,0.0018192850984632969,0.0,none
PETS_CREDIT_low_eff_su2_r1_d6_b01__none,pets_b01,eff_su2_r1_d6,low,none,logitguard_continuous,nearby_query_logistic_q32,adaptive_defended_calibration,0.5558000000000001,0.5650000000000001,0.17,0.19,0.5474000212637218,,0.0041670105420053005,0.0,logitguard_continuous
PETS_CREDIT_low_eff_su2_r1_d6_b01__none,pets_b01,eff_su2_r1_d6,low,none,logitguard_quantized,nearby_query_logistic_q32,adaptive_defended_calibration,0.5668,0.54,0.12,0.2,0.5641668395874613,,0.0042578838765621185,0.0,logitguard_quantized
PETS_CREDIT_low_eff_su2_r1_d6_b01__none,pets_b01,eff_su2_r1_d6,low,none,measurementguard_continuous,nearby_query_logistic_q32,adaptive_defended_calibration,0.5399,0.49,0.15,0.17,0.46006349884892256,,0.004072723910212517,0.0,measurementguard_continuous
PETS_CREDIT_low_eff_su2_r1_d6_b01__none,pets_b01,eff_su2_r1_d6,low,none,lattice_round,nearby_query_logistic_q32,adaptive_defended_calibration,0.4484,0.48,0.02,0.06,0.5579670682819187,,0.002283051609992981,0.0,lattice_round
PETS_CREDIT_low_eff_su2_r1_d6_b01__none,pets_b01,eff_su2_r1_d6,low,none,memgq_lattice,nearby_query_logistic_q32,adaptive_defended_calibration,0.459,0.5,0.07,0.08,0.49179927173377846,,0.00699202623218298,0.0,memgq_lattice
PETS_CREDIT_low_eff_su2_r1_d6_b01__none,pets_b01,eff_su2_r1_d6,low,none,memgq_lattice_sticky,nearby_query_logistic_q32,adaptive_defended_calibration,0.4757,0.5,0.07,0.1,0.4836839706663768,,0.007831153459846973,0.0,memgq_lattice_sticky
