effective_defense,attack,outcome,contrast,mean_difference,sd_across_paired_blocks,ci95_low,ci95_high,paired_blocks
dp_qml,confidence,auc,high-low,-0.026500000000000024,0.0,-0.026500000000000024,-0.026500000000000024,1
dp_qml,correctness,auc,high-low,0.0,0.0,0.0,0.0,1
dp_qml,entropy,auc,high-low,-0.015499999999999958,0.0,-0.015499999999999958,-0.015499999999999958,1
dp_qml,label_only_hsj,auc,high-low,0.0,0.0,0.0,0.0,1
dp_qml,learned_pv_stats_logistic,auc,high-low,0.0042000000000000925,0.0,0.0042000000000000925,0.0042000000000000925,1
dp_qml,loss,auc,high-low,-0.026500000000000024,0.0,-0.026500000000000024,-0.026500000000000024,1
dp_qml,margin,auc,high-low,-0.015499999999999958,0.0,-0.015499999999999958,-0.015499999999999958,1
dp_qml,maximum_probability,auc,high-low,-0.015499999999999958,0.0,-0.015499999999999958,-0.015499999999999958,1
dynanoise,confidence,auc,high-low,0.08230000000000004,0.0,0.08230000000000004,0.08230000000000004,1
dynanoise,correctness,auc,high-low,0.015000000000000013,0.0,0.015000000000000013,0.015000000000000013,1
dynanoise,entropy,auc,high-low,0.08250000000000002,0.0,0.08250000000000002,0.08250000000000002,1
dynanoise,global_true_class_log_odds,auc,high-low,0.05360000000000009,0.0,0.05360000000000009,0.05360000000000009,1
dynanoise,label_only_hsj,auc,high-low,0.01874999999999999,0.0,0.01874999999999999,0.01874999999999999,1
dynanoise,learned_pv_stats_logistic,auc,high-low,0.033299999999999996,0.0,0.033299999999999996,0.033299999999999996,1
dynanoise,lira_offline,auc,high-low,0.10009999999999997,0.0,0.10009999999999997,0.10009999999999997,1
dynanoise,lira_offline_fixed_variance,auc,high-low,0.01040000000000002,0.0,0.01040000000000002,0.01040000000000002,1
dynanoise,lira_online,auc,high-low,0.12950000000000006,0.0,0.12950000000000006,0.12950000000000006,1
dynanoise,lira_online_fixed_variance,auc,high-low,0.11180000000000007,0.0,0.11180000000000007,0.11180000000000007,1
dynanoise,loss,auc,high-low,0.08230000000000004,0.0,0.08230000000000004,0.08230000000000004,1
dynanoise,margin,auc,high-low,0.08250000000000002,0.0,0.08250000000000002,0.08250000000000002,1
dynanoise,maximum_probability,auc,high-low,0.08250000000000002,0.0,0.08250000000000002,0.08250000000000002,1
hamp_full,confidence,auc,high-low,0.03550000000000014,0.0,0.03550000000000014,0.03550000000000014,1
hamp_full,correctness,auc,high-low,0.015000000000000013,0.0,0.015000000000000013,0.015000000000000013,1
hamp_full,entropy,auc,high-low,-0.002899999999999958,0.0,-0.002899999999999958,-0.002899999999999958,1
hamp_full,learned_pv_stats_logistic,auc,high-low,0.018899999999999917,0.0,0.018899999999999917,0.018899999999999917,1
hamp_full,loss,auc,high-low,0.03550000000000014,0.0,0.03550000000000014,0.03550000000000014,1
hamp_full,margin,auc,high-low,-0.002899999999999958,0.0,-0.002899999999999958,-0.002899999999999958,1
hamp_full,maximum_probability,auc,high-low,-0.002899999999999958,0.0,-0.002899999999999958,-0.002899999999999958,1
hamp_output,confidence,auc,high-low,0.06360000000000005,0.0,0.06360000000000005,0.06360000000000005,1
hamp_output,correctness,auc,high-low,0.010000000000000009,0.0,0.010000000000000009,0.010000000000000009,1
hamp_output,entropy,auc,high-low,-0.008599999999999997,0.0,-0.008599999999999997,-0.008599999999999997,1
hamp_output,global_true_class_log_odds,auc,high-low,-0.05070000000000008,0.0,-0.05070000000000008,-0.05070000000000008,1
hamp_output,learned_pv_stats_logistic,auc,high-low,-0.0021000000000000463,0.0,-0.0021000000000000463,-0.0021000000000000463,1
hamp_output,lira_offline,auc,high-low,0.021199999999999997,0.0,0.021199999999999997,0.021199999999999997,1
hamp_output,lira_offline_fixed_variance,auc,high-low,0.00869999999999993,0.0,0.00869999999999993,0.00869999999999993,1
hamp_output,lira_online,auc,high-low,0.01090000000000002,0.0,0.01090000000000002,0.01090000000000002,1
hamp_output,lira_online_fixed_variance,auc,high-low,-0.006099999999999994,0.0,-0.006099999999999994,-0.006099999999999994,1
hamp_output,loss,auc,high-low,0.06360000000000005,0.0,0.06360000000000005,0.06360000000000005,1
hamp_output,margin,auc,high-low,-0.008599999999999997,0.0,-0.008599999999999997,-0.008599999999999997,1
hamp_output,maximum_probability,auc,high-low,-0.008599999999999997,0.0,-0.008599999999999997,-0.008599999999999997,1
hamp_train,confidence,auc,high-low,0.04569999999999996,0.0,0.04569999999999996,0.04569999999999996,1
hamp_train,correctness,auc,high-low,0.015000000000000013,0.0,0.015000000000000013,0.015000000000000013,1
hamp_train,entropy,auc,high-low,0.028699999999999948,0.0,0.028699999999999948,0.028699999999999948,1
hamp_train,label_only_hsj,auc,high-low,-0.16249999999999992,0.0,-0.16249999999999992,-0.16249999999999992,1
hamp_train,learned_pv_stats_logistic,auc,high-low,0.08370000000000005,0.0,0.08370000000000005,0.08370000000000005,1
hamp_train,loss,auc,high-low,0.04569999999999996,0.0,0.04569999999999996,0.04569999999999996,1
hamp_train,margin,auc,high-low,0.028699999999999948,0.0,0.028699999999999948,0.028699999999999948,1
hamp_train,maximum_probability,auc,high-low,0.028699999999999948,0.0,0.028699999999999948,0.028699999999999948,1
l2,confidence,auc,high-low,0.015600000000000003,0.0,0.015600000000000003,0.015600000000000003,1
l2,correctness,auc,high-low,0.0,0.0,0.0,0.0,1
l2,entropy,auc,high-low,0.027300000000000046,0.0,0.027300000000000046,0.027300000000000046,1
l2,global_true_class_log_odds,auc,high-low,-0.0016999999999999238,0.0,-0.0016999999999999238,-0.0016999999999999238,1
l2,label_only_hsj,auc,high-low,0.0,0.0,0.0,0.0,1
l2,learned_pv_stats_logistic,auc,high-low,0.058699999999999974,0.0,0.058699999999999974,0.058699999999999974,1
l2,lira_offline,auc,high-low,-0.0693999999999999,0.0,-0.0693999999999999,-0.0693999999999999,1
l2,lira_offline_fixed_variance,auc,high-low,0.043999999999999984,0.0,0.043999999999999984,0.043999999999999984,1
l2,lira_online,auc,high-low,0.05339999999999995,0.0,0.05339999999999995,0.05339999999999995,1
l2,lira_online_fixed_variance,auc,high-low,0.07139999999999996,0.0,0.07139999999999996,0.07139999999999996,1
l2,loss,auc,high-low,0.015600000000000003,0.0,0.015600000000000003,0.015600000000000003,1
l2,margin,auc,high-low,0.027300000000000046,0.0,0.027300000000000046,0.027300000000000046,1
l2,maximum_probability,auc,high-low,0.027300000000000046,0.0,0.027300000000000046,0.027300000000000046,1
lattice_round,confidence,auc,high-low,0.04389999999999994,0.0,0.04389999999999994,0.04389999999999994,1
lattice_round,correctness,auc,high-low,0.010000000000000009,0.0,0.010000000000000009,0.010000000000000009,1
lattice_round,entropy,auc,high-low,0.021600000000000064,0.0,0.021600000000000064,0.021600000000000064,1
lattice_round,global_true_class_log_odds,auc,high-low,0.05259999999999998,0.0,0.05259999999999998,0.05259999999999998,1
lattice_round,label_only_hsj,auc,high-low,-0.16625,0.0,-0.16625,-0.16625,1
lattice_round,learned_pv_stats_logistic,auc,high-low,0.09600000000000003,0.0,0.09600000000000003,0.09600000000000003,1
lattice_round,lira_offline,auc,high-low,0.002100000000000102,0.0,0.002100000000000102,0.002100000000000102,1
lattice_round,lira_offline_fixed_variance,auc,high-low,-0.046699999999999964,0.0,-0.046699999999999964,-0.046699999999999964,1
lattice_round,lira_online,auc,high-low,0.033299999999999996,0.0,0.033299999999999996,0.033299999999999996,1
lattice_round,lira_online_fixed_variance,auc,high-low,-0.12370000000000003,0.0,-0.12370000000000003,-0.12370000000000003,1
lattice_round,loss,auc,high-low,0.04389999999999994,0.0,0.04389999999999994,0.04389999999999994,1
lattice_round,margin,auc,high-low,0.021600000000000064,0.0,0.021600000000000064,0.021600000000000064,1
lattice_round,maximum_probability,auc,high-low,0.021600000000000064,0.0,0.021600000000000064,0.021600000000000064,1
lattice_round,nearby_query_logistic_q32,auc,high-low,0.06289999999999996,0.0,0.06289999999999996,0.06289999999999996,1
logitguard_continuous,confidence,auc,high-low,0.08070000000000005,0.0,0.08070000000000005,0.08070000000000005,1
logitguard_continuous,correctness,auc,high-low,0.010000000000000009,0.0,0.010000000000000009,0.010000000000000009,1
logitguard_continuous,entropy,auc,high-low,0.03399999999999992,0.0,0.03399999999999992,0.03399999999999992,1
logitguard_continuous,global_true_class_log_odds,auc,high-low,0.050899999999999945,0.0,0.050899999999999945,0.050899999999999945,1
logitguard_continuous,learned_pv_stats_logistic,auc,high-low,0.026899999999999924,0.0,0.026899999999999924,0.026899999999999924,1
logitguard_continuous,lira_offline,auc,high-low,-0.03939999999999999,0.0,-0.03939999999999999,-0.03939999999999999,1
logitguard_continuous,lira_offline_fixed_variance,auc,high-low,-0.03310000000000013,0.0,-0.03310000000000013,-0.03310000000000013,1
logitguard_continuous,lira_online,auc,high-low,0.07040000000000007,0.0,0.07040000000000007,0.07040000000000007,1
logitguard_continuous,lira_online_fixed_variance,auc,high-low,0.014100000000000001,0.0,0.014100000000000001,0.014100000000000001,1
logitguard_continuous,loss,auc,high-low,0.08070000000000005,0.0,0.08070000000000005,0.08070000000000005,1
logitguard_continuous,margin,auc,high-low,0.03399999999999992,0.0,0.03399999999999992,0.03399999999999992,1
logitguard_continuous,maximum_probability,auc,high-low,0.03399999999999992,0.0,0.03399999999999992,0.03399999999999992,1
logitguard_continuous,nearby_query_logistic_q32,auc,high-low,-0.0803000000000001,0.0,-0.0803000000000001,-0.0803000000000001,1
logitguard_quantized,confidence,auc,high-low,0.08159999999999995,0.0,0.08159999999999995,0.08159999999999995,1
logitguard_quantized,correctness,auc,high-low,0.010000000000000009,0.0,0.010000000000000009,0.010000000000000009,1
logitguard_quantized,entropy,auc,high-low,0.03984999999999994,0.0,0.03984999999999994,0.03984999999999994,1
logitguard_quantized,global_true_class_log_odds,auc,high-low,0.05579999999999996,0.0,0.05579999999999996,0.05579999999999996,1
logitguard_quantized,learned_pv_stats_logistic,auc,high-low,0.030200000000000005,0.0,0.030200000000000005,0.030200000000000005,1
logitguard_quantized,lira_offline,auc,high-low,-0.042849999999999944,0.0,-0.042849999999999944,-0.042849999999999944,1
logitguard_quantized,lira_offline_fixed_variance,auc,high-low,-0.05795000000000006,0.0,-0.05795000000000006,-0.05795000000000006,1
logitguard_quantized,lira_online,auc,high-low,0.03640000000000004,0.0,0.03640000000000004,0.03640000000000004,1
logitguard_quantized,lira_online_fixed_variance,auc,high-low,0.004049999999999998,0.0,0.004049999999999998,0.004049999999999998,1
logitguard_quantized,loss,auc,high-low,0.08159999999999995,0.0,0.08159999999999995,0.08159999999999995,1
logitguard_quantized,margin,auc,high-low,0.03984999999999994,0.0,0.03984999999999994,0.03984999999999994,1
logitguard_quantized,maximum_probability,auc,high-low,0.03984999999999994,0.0,0.03984999999999994,0.03984999999999994,1
logitguard_quantized,nearby_query_logistic_q32,auc,high-low,-0.06269999999999998,0.0,-0.06269999999999998,-0.06269999999999998,1
measurementguard_continuous,confidence,auc,high-low,0.028500000000000025,0.0,0.028500000000000025,0.028500000000000025,1
measurementguard_continuous,correctness,auc,high-low,0.010000000000000009,0.0,0.010000000000000009,0.010000000000000009,1
measurementguard_continuous,entropy,auc,high-low,-0.045599999999999974,0.0,-0.045599999999999974,-0.045599999999999974,1
measurementguard_continuous,global_true_class_log_odds,auc,high-low,0.07030000000000003,0.0,0.07030000000000003,0.07030000000000003,1
measurementguard_continuous,learned_pv_stats_logistic,auc,high-low,-0.05559999999999998,0.0,-0.05559999999999998,-0.05559999999999998,1
measurementguard_continuous,lira_offline,auc,high-low,0.011999999999999955,0.0,0.011999999999999955,0.011999999999999955,1
measurementguard_continuous,lira_offline_fixed_variance,auc,high-low,0.0018000000000000238,0.0,0.0018000000000000238,0.0018000000000000238,1
measurementguard_continuous,lira_online,auc,high-low,0.07260000000000005,0.0,0.07260000000000005,0.07260000000000005,1
measurementguard_continuous,lira_online_fixed_variance,auc,high-low,0.09560000000000013,0.0,0.09560000000000013,0.09560000000000013,1
measurementguard_continuous,loss,auc,high-low,0.028500000000000025,0.0,0.028500000000000025,0.028500000000000025,1
measurementguard_continuous,margin,auc,high-low,-0.045599999999999974,0.0,-0.045599999999999974,-0.045599999999999974,1
measurementguard_continuous,maximum_probability,auc,high-low,-0.045599999999999974,0.0,-0.045599999999999974,-0.045599999999999974,1
measurementguard_continuous,nearby_query_logistic_q32,auc,high-low,-0.017900000000000027,0.0,-0.017900000000000027,-0.017900000000000027,1
memgq_lattice,confidence,auc,high-low,-0.052699999999999914,0.0,-0.052699999999999914,-0.052699999999999914,1
memgq_lattice,correctness,auc,high-low,0.010000000000000009,0.0,0.010000000000000009,0.010000000000000009,1
memgq_lattice,entropy,auc,high-low,0.007300000000000029,0.0,0.007300000000000029,0.007300000000000029,1
memgq_lattice,global_true_class_log_odds,auc,high-low,0.05650000000000005,0.0,0.05650000000000005,0.05650000000000005,1
memgq_lattice,learned_pv_stats_logistic,auc,high-low,0.0024000000000000132,0.0,0.0024000000000000132,0.0024000000000000132,1
memgq_lattice,lira_offline,auc,high-low,-0.006300000000000028,0.0,-0.006300000000000028,-0.006300000000000028,1
memgq_lattice,lira_offline_fixed_variance,auc,high-low,-0.009800000000000031,0.0,-0.009800000000000031,-0.009800000000000031,1
memgq_lattice,lira_online,auc,high-low,0.03479999999999994,0.0,0.03479999999999994,0.03479999999999994,1
memgq_lattice,lira_online_fixed_variance,auc,high-low,0.05669999999999997,0.0,0.05669999999999997,0.05669999999999997,1
memgq_lattice,loss,auc,high-low,-0.052699999999999914,0.0,-0.052699999999999914,-0.052699999999999914,1
memgq_lattice,margin,auc,high-low,0.007300000000000029,0.0,0.007300000000000029,0.007300000000000029,1
memgq_lattice,maximum_probability,auc,high-low,0.007300000000000029,0.0,0.007300000000000029,0.007300000000000029,1
memgq_lattice,nearby_query_logistic_q32,auc,high-low,0.03899999999999998,0.0,0.03899999999999998,0.03899999999999998,1
memgq_lattice_sticky,confidence,auc,high-low,-0.036599999999999966,0.0,-0.036599999999999966,-0.036599999999999966,1
memgq_lattice_sticky,correctness,auc,high-low,0.010000000000000009,0.0,0.010000000000000009,0.010000000000000009,1
memgq_lattice_sticky,entropy,auc,high-low,0.0131,0.0,0.0131,0.0131,1
memgq_lattice_sticky,global_true_class_log_odds,auc,high-low,0.08390000000000009,0.0,0.08390000000000009,0.08390000000000009,1
memgq_lattice_sticky,label_only_hsj,auc,high-low,-0.1837499999999999,0.0,-0.1837499999999999,-0.1837499999999999,1
memgq_lattice_sticky,learned_pv_stats_logistic,auc,high-low,0.016299999999999926,0.0,0.016299999999999926,0.016299999999999926,1
memgq_lattice_sticky,lira_offline,auc,high-low,0.011499999999999955,0.0,0.011499999999999955,0.011499999999999955,1
memgq_lattice_sticky,lira_offline_fixed_variance,auc,high-low,0.014100000000000001,0.0,0.014100000000000001,0.014100000000000001,1
memgq_lattice_sticky,lira_online,auc,high-low,0.061999999999999944,0.0,0.061999999999999944,0.061999999999999944,1
memgq_lattice_sticky,lira_online_fixed_variance,auc,high-low,0.10959999999999998,0.0,0.10959999999999998,0.10959999999999998,1
memgq_lattice_sticky,loss,auc,high-low,-0.036599999999999966,0.0,-0.036599999999999966,-0.036599999999999966,1
memgq_lattice_sticky,margin,auc,high-low,0.0131,0.0,0.0131,0.0131,1
memgq_lattice_sticky,maximum_probability,auc,high-low,0.0131,0.0,0.0131,0.0131,1
memgq_lattice_sticky,nearby_query_logistic_q32,auc,high-low,-0.0035000000000000586,0.0,-0.0035000000000000586,-0.0035000000000000586,1
memguard,confidence,auc,high-low,0.028200000000000003,0.0,0.028200000000000003,0.028200000000000003,1
memguard,correctness,auc,high-low,0.010000000000000009,0.0,0.010000000000000009,0.010000000000000009,1
memguard,entropy,auc,high-low,-0.0008000000000000229,0.0,-0.0008000000000000229,-0.0008000000000000229,1
memguard,global_true_class_log_odds,auc,high-low,0.05689999999999995,0.0,0.05689999999999995,0.05689999999999995,1
memguard,learned_pv_stats_logistic,auc,high-low,0.021299999999999986,0.0,0.021299999999999986,0.021299999999999986,1
memguard,lira_offline,auc,high-low,0.07669999999999993,0.0,0.07669999999999993,0.07669999999999993,1
memguard,lira_offline_fixed_variance,auc,high-low,0.03320000000000001,0.0,0.03320000000000001,0.03320000000000001,1
memguard,lira_online,auc,high-low,0.07050000000000001,0.0,0.07050000000000001,0.07050000000000001,1
memguard,lira_online_fixed_variance,auc,high-low,0.05120000000000002,0.0,0.05120000000000002,0.05120000000000002,1
memguard,loss,auc,high-low,0.028200000000000003,0.0,0.028200000000000003,0.028200000000000003,1
memguard,margin,auc,high-low,-0.0008000000000000229,0.0,-0.0008000000000000229,-0.0008000000000000229,1
memguard,maximum_probability,auc,high-low,-0.0008000000000000229,0.0,-0.0008000000000000229,-0.0008000000000000229,1
none,confidence,auc,high-low,0.04359999999999986,0.0,0.04359999999999986,0.04359999999999986,1
none,correctness,auc,high-low,0.010000000000000009,0.0,0.010000000000000009,0.010000000000000009,1
none,entropy,auc,high-low,0.022600000000000176,0.0,0.022600000000000176,0.022600000000000176,1
none,global_true_class_log_odds,auc,high-low,0.05280000000000007,0.0,0.05280000000000007,0.05280000000000007,1
none,label_only_hsj,auc,high-low,-0.17874999999999996,0.0,-0.17874999999999996,-0.17874999999999996,1
none,learned_pv_stats_logistic,auc,high-low,0.09160000000000001,0.0,0.09160000000000001,0.09160000000000001,1
none,lira_offline,auc,high-low,-0.007400000000000073,0.0,-0.007400000000000073,-0.007400000000000073,1
none,lira_offline_fixed_variance,auc,high-low,-0.05449999999999988,0.0,-0.05449999999999988,-0.05449999999999988,1
none,lira_online,auc,high-low,0.09810000000000002,0.0,0.09810000000000002,0.09810000000000002,1
none,lira_online_fixed_variance,auc,high-low,-0.1277999999999999,0.0,-0.1277999999999999,-0.1277999999999999,1
none,loss,auc,high-low,0.04359999999999986,0.0,0.04359999999999986,0.04359999999999986,1
none,margin,auc,high-low,0.022600000000000176,0.0,0.022600000000000176,0.022600000000000176,1
none,maximum_probability,auc,high-low,0.022600000000000176,0.0,0.022600000000000176,0.022600000000000176,1
none,nearby_query_logistic_q32,auc,high-low,0.032399999999999984,0.0,0.032399999999999984,0.032399999999999984,1
