effective_defense,structural_role,attack,outcome,count,mean,std
dp_qml,high,confidence,auc,1,0.5642,
dp_qml,high,confidence,balanced_accuracy,1,0.5800000000000001,
dp_qml,high,confidence,tpr_at_5_fpr,1,0.07,
dp_qml,high,confidence,tpr_at_10_fpr,1,0.13,
dp_qml,high,correctness,auc,1,0.525,
dp_qml,high,correctness,balanced_accuracy,1,0.525,
dp_qml,high,correctness,tpr_at_5_fpr,1,0.0,
dp_qml,high,correctness,tpr_at_10_fpr,1,0.0,
dp_qml,high,entropy,auc,1,0.4132,
dp_qml,high,entropy,balanced_accuracy,1,0.465,
dp_qml,high,entropy,tpr_at_5_fpr,1,0.1,
dp_qml,high,entropy,tpr_at_10_fpr,1,0.12,
dp_qml,high,label_only_hsj,auc,1,0.55,
dp_qml,high,label_only_hsj,balanced_accuracy,1,0.55,
dp_qml,high,label_only_hsj,tpr_at_5_fpr,1,0.0,
dp_qml,high,label_only_hsj,tpr_at_10_fpr,1,0.0,
dp_qml,high,learned_pv_stats_logistic,auc,1,0.4365,
dp_qml,high,learned_pv_stats_logistic,balanced_accuracy,1,0.465,
dp_qml,high,learned_pv_stats_logistic,tpr_at_5_fpr,1,0.03,
dp_qml,high,learned_pv_stats_logistic,tpr_at_10_fpr,1,0.11,
dp_qml,high,loss,auc,1,0.5642,
dp_qml,high,loss,balanced_accuracy,1,0.5800000000000001,
dp_qml,high,loss,tpr_at_5_fpr,1,0.07,
dp_qml,high,loss,tpr_at_10_fpr,1,0.13,
dp_qml,high,margin,auc,1,0.4132,
dp_qml,high,margin,balanced_accuracy,1,0.465,
dp_qml,high,margin,tpr_at_5_fpr,1,0.1,
dp_qml,high,margin,tpr_at_10_fpr,1,0.12,
dp_qml,high,maximum_probability,auc,1,0.4132,
dp_qml,high,maximum_probability,balanced_accuracy,1,0.465,
dp_qml,high,maximum_probability,tpr_at_5_fpr,1,0.1,
dp_qml,high,maximum_probability,tpr_at_10_fpr,1,0.12,
dp_qml,low,confidence,auc,1,0.4894,
dp_qml,low,confidence,balanced_accuracy,1,0.515,
dp_qml,low,confidence,tpr_at_5_fpr,1,0.11,
dp_qml,low,confidence,tpr_at_10_fpr,1,0.15,
dp_qml,low,correctness,auc,1,0.525,
dp_qml,low,correctness,balanced_accuracy,1,0.525,
dp_qml,low,correctness,tpr_at_5_fpr,1,0.0,
dp_qml,low,correctness,tpr_at_10_fpr,1,0.0,
dp_qml,low,entropy,auc,1,0.4397,
dp_qml,low,entropy,balanced_accuracy,1,0.515,
dp_qml,low,entropy,tpr_at_5_fpr,1,0.04,
dp_qml,low,entropy,tpr_at_10_fpr,1,0.06,
dp_qml,low,label_only_hsj,auc,1,0.55,
dp_qml,low,label_only_hsj,balanced_accuracy,1,0.55,
dp_qml,low,label_only_hsj,tpr_at_5_fpr,1,0.0,
dp_qml,low,label_only_hsj,tpr_at_10_fpr,1,0.0,
dp_qml,low,learned_pv_stats_logistic,auc,1,0.4425,
dp_qml,low,learned_pv_stats_logistic,balanced_accuracy,1,0.495,
dp_qml,low,learned_pv_stats_logistic,tpr_at_5_fpr,1,0.06,
dp_qml,low,learned_pv_stats_logistic,tpr_at_10_fpr,1,0.06,
dp_qml,low,loss,auc,1,0.4894,
dp_qml,low,loss,balanced_accuracy,1,0.515,
dp_qml,low,loss,tpr_at_5_fpr,1,0.11,
dp_qml,low,loss,tpr_at_10_fpr,1,0.15,
dp_qml,low,margin,auc,1,0.4397,
dp_qml,low,margin,balanced_accuracy,1,0.515,
dp_qml,low,margin,tpr_at_5_fpr,1,0.04,
dp_qml,low,margin,tpr_at_10_fpr,1,0.06,
dp_qml,low,maximum_probability,auc,1,0.4397,
dp_qml,low,maximum_probability,balanced_accuracy,1,0.515,
dp_qml,low,maximum_probability,tpr_at_5_fpr,1,0.04,
dp_qml,low,maximum_probability,tpr_at_10_fpr,1,0.06,
dynanoise,high,confidence,auc,1,0.5745,
dynanoise,high,confidence,balanced_accuracy,1,0.58,
dynanoise,high,confidence,tpr_at_5_fpr,1,0.09,
dynanoise,high,confidence,tpr_at_10_fpr,1,0.18,
dynanoise,high,correctness,auc,1,0.515,
dynanoise,high,correctness,balanced_accuracy,1,0.515,
dynanoise,high,correctness,tpr_at_5_fpr,1,0.0,
dynanoise,high,correctness,tpr_at_10_fpr,1,0.0,
dynanoise,high,entropy,auc,1,0.6028,
dynanoise,high,entropy,balanced_accuracy,1,0.575,
dynanoise,high,entropy,tpr_at_5_fpr,1,0.09,
dynanoise,high,entropy,tpr_at_10_fpr,1,0.2,
dynanoise,high,global_true_class_log_odds,auc,1,0.5858000000000001,
dynanoise,high,global_true_class_log_odds,balanced_accuracy,1,0.54,
dynanoise,high,global_true_class_log_odds,tpr_at_5_fpr,1,0.04,
dynanoise,high,global_true_class_log_odds,tpr_at_10_fpr,1,0.11,
dynanoise,high,label_only_hsj,auc,1,0.61875,
dynanoise,high,label_only_hsj,balanced_accuracy,1,0.6,
dynanoise,high,label_only_hsj,tpr_at_5_fpr,1,0.15,
dynanoise,high,label_only_hsj,tpr_at_10_fpr,1,0.2,
dynanoise,high,learned_pv_stats_logistic,auc,1,0.5856,
dynanoise,high,learned_pv_stats_logistic,balanced_accuracy,1,0.59,
dynanoise,high,learned_pv_stats_logistic,tpr_at_5_fpr,1,0.09,
dynanoise,high,learned_pv_stats_logistic,tpr_at_10_fpr,1,0.16,
dynanoise,high,lira_offline,auc,1,0.4874,
dynanoise,high,lira_offline,balanced_accuracy,1,0.5,
dynanoise,high,lira_offline,tpr_at_5_fpr,1,0.05,
dynanoise,high,lira_offline,tpr_at_10_fpr,1,0.11,
dynanoise,high,lira_offline_fixed_variance,auc,1,0.4924,
dynanoise,high,lira_offline_fixed_variance,balanced_accuracy,1,0.5,
dynanoise,high,lira_offline_fixed_variance,tpr_at_5_fpr,1,0.06,
dynanoise,high,lira_offline_fixed_variance,tpr_at_10_fpr,1,0.14,
dynanoise,high,lira_online,auc,1,0.5257000000000001,
dynanoise,high,lira_online,balanced_accuracy,1,0.5,
dynanoise,high,lira_online,tpr_at_5_fpr,1,0.09,
dynanoise,high,lira_online,tpr_at_10_fpr,1,0.15,
dynanoise,high,lira_online_fixed_variance,auc,1,0.5404,
dynanoise,high,lira_online_fixed_variance,balanced_accuracy,1,0.52,
dynanoise,high,lira_online_fixed_variance,tpr_at_5_fpr,1,0.12,
dynanoise,high,lira_online_fixed_variance,tpr_at_10_fpr,1,0.17,
dynanoise,high,loss,auc,1,0.5745,
dynanoise,high,loss,balanced_accuracy,1,0.58,
dynanoise,high,loss,tpr_at_5_fpr,1,0.09,
dynanoise,high,loss,tpr_at_10_fpr,1,0.18,
dynanoise,high,margin,auc,1,0.6028,
dynanoise,high,margin,balanced_accuracy,1,0.575,
dynanoise,high,margin,tpr_at_5_fpr,1,0.09,
dynanoise,high,margin,tpr_at_10_fpr,1,0.2,
dynanoise,high,maximum_probability,auc,1,0.6028,
dynanoise,high,maximum_probability,balanced_accuracy,1,0.575,
dynanoise,high,maximum_probability,tpr_at_5_fpr,1,0.09,
dynanoise,high,maximum_probability,tpr_at_10_fpr,1,0.2,
dynanoise,low,confidence,auc,1,0.5177,
dynanoise,low,confidence,balanced_accuracy,1,0.53,
dynanoise,low,confidence,tpr_at_5_fpr,1,0.11,
dynanoise,low,confidence,tpr_at_10_fpr,1,0.15,
dynanoise,low,correctness,auc,1,0.49,
dynanoise,low,correctness,balanced_accuracy,1,0.49,
dynanoise,low,correctness,tpr_at_5_fpr,1,0.0,
dynanoise,low,correctness,tpr_at_10_fpr,1,0.0,
dynanoise,low,entropy,auc,1,0.5739,
dynanoise,low,entropy,balanced_accuracy,1,0.56,
dynanoise,low,entropy,tpr_at_5_fpr,1,0.15,
dynanoise,low,entropy,tpr_at_10_fpr,1,0.2,
dynanoise,low,global_true_class_log_odds,auc,1,0.5267999999999999,
dynanoise,low,global_true_class_log_odds,balanced_accuracy,1,0.53,
dynanoise,low,global_true_class_log_odds,tpr_at_5_fpr,1,0.03,
dynanoise,low,global_true_class_log_odds,tpr_at_10_fpr,1,0.1,
dynanoise,low,label_only_hsj,auc,1,0.33,
dynanoise,low,label_only_hsj,balanced_accuracy,1,0.42500000000000004,
dynanoise,low,label_only_hsj,tpr_at_5_fpr,1,0.0,
dynanoise,low,label_only_hsj,tpr_at_10_fpr,1,0.0,
dynanoise,low,learned_pv_stats_logistic,auc,1,0.5448,
dynanoise,low,learned_pv_stats_logistic,balanced_accuracy,1,0.535,
dynanoise,low,learned_pv_stats_logistic,tpr_at_5_fpr,1,0.08,
dynanoise,low,learned_pv_stats_logistic,tpr_at_10_fpr,1,0.08,
dynanoise,low,lira_offline,auc,1,0.5512999999999999,
dynanoise,low,lira_offline,balanced_accuracy,1,0.505,
dynanoise,low,lira_offline,tpr_at_5_fpr,1,0.11,
dynanoise,low,lira_offline,tpr_at_10_fpr,1,0.14,
dynanoise,low,lira_offline_fixed_variance,auc,1,0.5266,
dynanoise,low,lira_offline_fixed_variance,balanced_accuracy,1,0.515,
dynanoise,low,lira_offline_fixed_variance,tpr_at_5_fpr,1,0.05,
dynanoise,low,lira_offline_fixed_variance,tpr_at_10_fpr,1,0.14,
dynanoise,low,lira_online,auc,1,0.4806,
dynanoise,low,lira_online,balanced_accuracy,1,0.52,
dynanoise,low,lira_online,tpr_at_5_fpr,1,0.08,
dynanoise,low,lira_online,tpr_at_10_fpr,1,0.1,
dynanoise,low,lira_online_fixed_variance,auc,1,0.5003,
dynanoise,low,lira_online_fixed_variance,balanced_accuracy,1,0.525,
dynanoise,low,lira_online_fixed_variance,tpr_at_5_fpr,1,0.06,
dynanoise,low,lira_online_fixed_variance,tpr_at_10_fpr,1,0.11,
dynanoise,low,loss,auc,1,0.5177,
dynanoise,low,loss,balanced_accuracy,1,0.53,
dynanoise,low,loss,tpr_at_5_fpr,1,0.11,
dynanoise,low,loss,tpr_at_10_fpr,1,0.15,
dynanoise,low,margin,auc,1,0.5739,
dynanoise,low,margin,balanced_accuracy,1,0.56,
dynanoise,low,margin,tpr_at_5_fpr,1,0.15,
dynanoise,low,margin,tpr_at_10_fpr,1,0.2,
dynanoise,low,maximum_probability,auc,1,0.5739,
dynanoise,low,maximum_probability,balanced_accuracy,1,0.56,
dynanoise,low,maximum_probability,tpr_at_5_fpr,1,0.15,
dynanoise,low,maximum_probability,tpr_at_10_fpr,1,0.2,
hamp_full,high,confidence,auc,1,0.5665,
hamp_full,high,confidence,balanced_accuracy,1,0.53,
hamp_full,high,confidence,tpr_at_5_fpr,1,0.1,
hamp_full,high,confidence,tpr_at_10_fpr,1,0.2,
hamp_full,high,correctness,auc,1,0.56,
hamp_full,high,correctness,balanced_accuracy,1,0.56,
hamp_full,high,correctness,tpr_at_5_fpr,1,0.0,
hamp_full,high,correctness,tpr_at_10_fpr,1,0.0,
hamp_full,high,entropy,auc,1,0.4543,
hamp_full,high,entropy,balanced_accuracy,1,0.48,
hamp_full,high,entropy,tpr_at_5_fpr,1,0.06,
hamp_full,high,entropy,tpr_at_10_fpr,1,0.09,
hamp_full,high,learned_pv_stats_logistic,auc,1,0.6126999999999999,
hamp_full,high,learned_pv_stats_logistic,balanced_accuracy,1,0.555,
hamp_full,high,learned_pv_stats_logistic,tpr_at_5_fpr,1,0.06,
hamp_full,high,learned_pv_stats_logistic,tpr_at_10_fpr,1,0.19,
hamp_full,high,loss,auc,1,0.5665,
hamp_full,high,loss,balanced_accuracy,1,0.53,
hamp_full,high,loss,tpr_at_5_fpr,1,0.1,
hamp_full,high,loss,tpr_at_10_fpr,1,0.2,
hamp_full,high,margin,auc,1,0.4543,
hamp_full,high,margin,balanced_accuracy,1,0.48,
hamp_full,high,margin,tpr_at_5_fpr,1,0.06,
hamp_full,high,margin,tpr_at_10_fpr,1,0.09,
hamp_full,high,maximum_probability,auc,1,0.4543,
hamp_full,high,maximum_probability,balanced_accuracy,1,0.48,
hamp_full,high,maximum_probability,tpr_at_5_fpr,1,0.06,
hamp_full,high,maximum_probability,tpr_at_10_fpr,1,0.09,
hamp_full,low,confidence,auc,1,0.5583,
hamp_full,low,confidence,balanced_accuracy,1,0.545,
hamp_full,low,confidence,tpr_at_5_fpr,1,0.11,
hamp_full,low,confidence,tpr_at_10_fpr,1,0.21,
hamp_full,low,correctness,auc,1,0.53,
hamp_full,low,correctness,balanced_accuracy,1,0.53,
hamp_full,low,correctness,tpr_at_5_fpr,1,0.0,
hamp_full,low,correctness,tpr_at_10_fpr,1,0.0,
hamp_full,low,entropy,auc,1,0.4484,
hamp_full,low,entropy,balanced_accuracy,1,0.485,
hamp_full,low,entropy,tpr_at_5_fpr,1,0.05,
hamp_full,low,entropy,tpr_at_10_fpr,1,0.07,
hamp_full,low,learned_pv_stats_logistic,auc,1,0.471,
hamp_full,low,learned_pv_stats_logistic,balanced_accuracy,1,0.48,
hamp_full,low,learned_pv_stats_logistic,tpr_at_5_fpr,1,0.07,
hamp_full,low,learned_pv_stats_logistic,tpr_at_10_fpr,1,0.11,
hamp_full,low,loss,auc,1,0.5583,
hamp_full,low,loss,balanced_accuracy,1,0.545,
hamp_full,low,loss,tpr_at_5_fpr,1,0.11,
hamp_full,low,loss,tpr_at_10_fpr,1,0.21,
hamp_full,low,margin,auc,1,0.4484,
hamp_full,low,margin,balanced_accuracy,1,0.485,
hamp_full,low,margin,tpr_at_5_fpr,1,0.05,
hamp_full,low,margin,tpr_at_10_fpr,1,0.07,
hamp_full,low,maximum_probability,auc,1,0.4484,
hamp_full,low,maximum_probability,balanced_accuracy,1,0.485,
hamp_full,low,maximum_probability,tpr_at_5_fpr,1,0.05,
hamp_full,low,maximum_probability,tpr_at_10_fpr,1,0.07,
hamp_output,high,confidence,auc,1,0.565,
hamp_output,high,confidence,balanced_accuracy,1,0.55,
hamp_output,high,confidence,tpr_at_5_fpr,1,0.13,
hamp_output,high,confidence,tpr_at_10_fpr,1,0.17,
hamp_output,high,correctness,auc,1,0.54,
hamp_output,high,correctness,balanced_accuracy,1,0.54,
hamp_output,high,correctness,tpr_at_5_fpr,1,0.0,
hamp_output,high,correctness,tpr_at_10_fpr,1,0.0,
hamp_output,high,entropy,auc,1,0.4306,
hamp_output,high,entropy,balanced_accuracy,1,0.495,
hamp_output,high,entropy,tpr_at_5_fpr,1,0.06,
hamp_output,high,entropy,tpr_at_10_fpr,1,0.07,
hamp_output,high,learned_pv_stats_logistic,auc,1,0.5859,
hamp_output,high,learned_pv_stats_logistic,balanced_accuracy,1,0.565,
hamp_output,high,learned_pv_stats_logistic,tpr_at_5_fpr,1,0.04,
hamp_output,high,learned_pv_stats_logistic,tpr_at_10_fpr,1,0.08,
hamp_output,high,loss,auc,1,0.565,
hamp_output,high,loss,balanced_accuracy,1,0.55,
hamp_output,high,loss,tpr_at_5_fpr,1,0.13,
hamp_output,high,loss,tpr_at_10_fpr,1,0.17,
hamp_output,high,margin,auc,1,0.4306,
hamp_output,high,margin,balanced_accuracy,1,0.495,
hamp_output,high,margin,tpr_at_5_fpr,1,0.06,
hamp_output,high,margin,tpr_at_10_fpr,1,0.07,
hamp_output,high,maximum_probability,auc,1,0.4306,
hamp_output,high,maximum_probability,balanced_accuracy,1,0.495,
hamp_output,high,maximum_probability,tpr_at_5_fpr,1,0.06,
hamp_output,high,maximum_probability,tpr_at_10_fpr,1,0.07,
hamp_output,low,confidence,auc,1,0.5385000000000001,
hamp_output,low,confidence,balanced_accuracy,1,0.5,
hamp_output,low,confidence,tpr_at_5_fpr,1,0.09,
hamp_output,low,confidence,tpr_at_10_fpr,1,0.12,
hamp_output,low,correctness,auc,1,0.525,
hamp_output,low,correctness,balanced_accuracy,1,0.525,
hamp_output,low,correctness,tpr_at_5_fpr,1,0.0,
hamp_output,low,correctness,tpr_at_10_fpr,1,0.0,
hamp_output,low,entropy,auc,1,0.4633,
hamp_output,low,entropy,balanced_accuracy,1,0.475,
hamp_output,low,entropy,tpr_at_5_fpr,1,0.02,
hamp_output,low,entropy,tpr_at_10_fpr,1,0.06,
hamp_output,low,learned_pv_stats_logistic,auc,1,0.4785999999999999,
hamp_output,low,learned_pv_stats_logistic,balanced_accuracy,1,0.495,
hamp_output,low,learned_pv_stats_logistic,tpr_at_5_fpr,1,0.04,
hamp_output,low,learned_pv_stats_logistic,tpr_at_10_fpr,1,0.05,
hamp_output,low,loss,auc,1,0.5385000000000001,
hamp_output,low,loss,balanced_accuracy,1,0.5,
hamp_output,low,loss,tpr_at_5_fpr,1,0.09,
hamp_output,low,loss,tpr_at_10_fpr,1,0.12,
hamp_output,low,margin,auc,1,0.4633,
hamp_output,low,margin,balanced_accuracy,1,0.475,
hamp_output,low,margin,tpr_at_5_fpr,1,0.02,
hamp_output,low,margin,tpr_at_10_fpr,1,0.06,
hamp_output,low,maximum_probability,auc,1,0.4633,
hamp_output,low,maximum_probability,balanced_accuracy,1,0.475,
hamp_output,low,maximum_probability,tpr_at_5_fpr,1,0.02,
hamp_output,low,maximum_probability,tpr_at_10_fpr,1,0.06,
hamp_train,high,confidence,auc,1,0.586,
hamp_train,high,confidence,balanced_accuracy,1,0.61,
hamp_train,high,confidence,tpr_at_5_fpr,1,0.03,
hamp_train,high,confidence,tpr_at_10_fpr,1,0.13,
hamp_train,high,correctness,auc,1,0.56,
hamp_train,high,correctness,balanced_accuracy,1,0.56,
hamp_train,high,correctness,tpr_at_5_fpr,1,0.0,
hamp_train,high,correctness,tpr_at_10_fpr,1,0.0,
hamp_train,high,entropy,auc,1,0.5861000000000001,
hamp_train,high,entropy,balanced_accuracy,1,0.605,
hamp_train,high,entropy,tpr_at_5_fpr,1,0.03,
hamp_train,high,entropy,tpr_at_10_fpr,1,0.13,
hamp_train,high,label_only_hsj,auc,1,0.685,
hamp_train,high,label_only_hsj,balanced_accuracy,1,0.6,
hamp_train,high,label_only_hsj,tpr_at_5_fpr,1,0.15,
hamp_train,high,label_only_hsj,tpr_at_10_fpr,1,0.3,
hamp_train,high,learned_pv_stats_logistic,auc,1,0.6112,
hamp_train,high,learned_pv_stats_logistic,balanced_accuracy,1,0.62,
hamp_train,high,learned_pv_stats_logistic,tpr_at_5_fpr,1,0.13,
hamp_train,high,learned_pv_stats_logistic,tpr_at_10_fpr,1,0.17,
hamp_train,high,loss,auc,1,0.586,
hamp_train,high,loss,balanced_accuracy,1,0.61,
hamp_train,high,loss,tpr_at_5_fpr,1,0.03,
hamp_train,high,loss,tpr_at_10_fpr,1,0.13,
hamp_train,high,margin,auc,1,0.5861000000000001,
hamp_train,high,margin,balanced_accuracy,1,0.605,
hamp_train,high,margin,tpr_at_5_fpr,1,0.03,
hamp_train,high,margin,tpr_at_10_fpr,1,0.13,
hamp_train,high,maximum_probability,auc,1,0.5861000000000001,
hamp_train,high,maximum_probability,balanced_accuracy,1,0.605,
hamp_train,high,maximum_probability,tpr_at_5_fpr,1,0.03,
hamp_train,high,maximum_probability,tpr_at_10_fpr,1,0.13,
hamp_train,low,confidence,auc,1,0.5689,
hamp_train,low,confidence,balanced_accuracy,1,0.5549999999999999,
hamp_train,low,confidence,tpr_at_5_fpr,1,0.1,
hamp_train,low,confidence,tpr_at_10_fpr,1,0.16,
hamp_train,low,correctness,auc,1,0.53,
hamp_train,low,correctness,balanced_accuracy,1,0.53,
hamp_train,low,correctness,tpr_at_5_fpr,1,0.0,
hamp_train,low,correctness,tpr_at_10_fpr,1,0.0,
hamp_train,low,entropy,auc,1,0.5972000000000001,
hamp_train,low,entropy,balanced_accuracy,1,0.53,
hamp_train,low,entropy,tpr_at_5_fpr,1,0.11,
hamp_train,low,entropy,tpr_at_10_fpr,1,0.18,
hamp_train,low,label_only_hsj,auc,1,0.4425,
hamp_train,low,label_only_hsj,balanced_accuracy,1,0.5,
hamp_train,low,label_only_hsj,tpr_at_5_fpr,1,0.0,
hamp_train,low,label_only_hsj,tpr_at_10_fpr,1,0.0,
hamp_train,low,learned_pv_stats_logistic,auc,1,0.5518000000000001,
hamp_train,low,learned_pv_stats_logistic,balanced_accuracy,1,0.535,
hamp_train,low,learned_pv_stats_logistic,tpr_at_5_fpr,1,0.05,
hamp_train,low,learned_pv_stats_logistic,tpr_at_10_fpr,1,0.15,
hamp_train,low,loss,auc,1,0.5689,
hamp_train,low,loss,balanced_accuracy,1,0.5549999999999999,
hamp_train,low,loss,tpr_at_5_fpr,1,0.1,
hamp_train,low,loss,tpr_at_10_fpr,1,0.16,
hamp_train,low,margin,auc,1,0.5972000000000001,
hamp_train,low,margin,balanced_accuracy,1,0.53,
hamp_train,low,margin,tpr_at_5_fpr,1,0.11,
hamp_train,low,margin,tpr_at_10_fpr,1,0.18,
hamp_train,low,maximum_probability,auc,1,0.5972000000000001,
hamp_train,low,maximum_probability,balanced_accuracy,1,0.53,
hamp_train,low,maximum_probability,tpr_at_5_fpr,1,0.11,
hamp_train,low,maximum_probability,tpr_at_10_fpr,1,0.18,
l2,high,confidence,auc,1,0.4255,
l2,high,confidence,balanced_accuracy,1,0.4399999999999999,
l2,high,confidence,tpr_at_5_fpr,1,0.07,
l2,high,confidence,tpr_at_10_fpr,1,0.11,
l2,high,correctness,auc,1,0.525,
l2,high,correctness,balanced_accuracy,1,0.525,
l2,high,correctness,tpr_at_5_fpr,1,0.0,
l2,high,correctness,tpr_at_10_fpr,1,0.0,
l2,high,entropy,auc,1,0.4116999999999999,
l2,high,entropy,balanced_accuracy,1,0.44,
l2,high,entropy,tpr_at_5_fpr,1,0.03,
l2,high,entropy,tpr_at_10_fpr,1,0.05,
l2,high,global_true_class_log_odds,auc,1,0.5651999999999999,
l2,high,global_true_class_log_odds,balanced_accuracy,1,0.5499999999999999,
l2,high,global_true_class_log_odds,tpr_at_5_fpr,1,0.06,
l2,high,global_true_class_log_odds,tpr_at_10_fpr,1,0.13,
l2,high,label_only_hsj,auc,1,0.55,
l2,high,label_only_hsj,balanced_accuracy,1,0.55,
l2,high,label_only_hsj,tpr_at_5_fpr,1,0.0,
l2,high,label_only_hsj,tpr_at_10_fpr,1,0.0,
l2,high,learned_pv_stats_logistic,auc,1,0.4478999999999999,
l2,high,learned_pv_stats_logistic,balanced_accuracy,1,0.4649999999999999,
l2,high,learned_pv_stats_logistic,tpr_at_5_fpr,1,0.03,
l2,high,learned_pv_stats_logistic,tpr_at_10_fpr,1,0.04,
l2,high,lira_offline,auc,1,0.4262,
l2,high,lira_offline,balanced_accuracy,1,0.505,
l2,high,lira_offline,tpr_at_5_fpr,1,0.09,
l2,high,lira_offline,tpr_at_10_fpr,1,0.11,
l2,high,lira_offline_fixed_variance,auc,1,0.5627,
l2,high,lira_offline_fixed_variance,balanced_accuracy,1,0.55,
l2,high,lira_offline_fixed_variance,tpr_at_5_fpr,1,0.11,
l2,high,lira_offline_fixed_variance,tpr_at_10_fpr,1,0.14,
l2,high,lira_online,auc,1,0.44509999999999994,
l2,high,lira_online,balanced_accuracy,1,0.44,
l2,high,lira_online,tpr_at_5_fpr,1,0.07,
l2,high,lira_online,tpr_at_10_fpr,1,0.1,
l2,high,lira_online_fixed_variance,auc,1,0.4667,
l2,high,lira_online_fixed_variance,balanced_accuracy,1,0.45999999999999996,
l2,high,lira_online_fixed_variance,tpr_at_5_fpr,1,0.06,
l2,high,lira_online_fixed_variance,tpr_at_10_fpr,1,0.11,
l2,high,loss,auc,1,0.4255,
l2,high,loss,balanced_accuracy,1,0.4399999999999999,
l2,high,loss,tpr_at_5_fpr,1,0.07,
l2,high,loss,tpr_at_10_fpr,1,0.11,
l2,high,margin,auc,1,0.4116999999999999,
l2,high,margin,balanced_accuracy,1,0.44,
l2,high,margin,tpr_at_5_fpr,1,0.03,
l2,high,margin,tpr_at_10_fpr,1,0.05,
l2,high,maximum_probability,auc,1,0.4116999999999999,
l2,high,maximum_probability,balanced_accuracy,1,0.44,
l2,high,maximum_probability,tpr_at_5_fpr,1,0.03,
l2,high,maximum_probability,tpr_at_10_fpr,1,0.05,
l2,low,confidence,auc,1,0.5243,
l2,low,confidence,balanced_accuracy,1,0.52,
l2,low,confidence,tpr_at_5_fpr,1,0.06,
l2,low,confidence,tpr_at_10_fpr,1,0.07,
l2,low,correctness,auc,1,0.525,
l2,low,correctness,balanced_accuracy,1,0.525,
l2,low,correctness,tpr_at_5_fpr,1,0.0,
l2,low,correctness,tpr_at_10_fpr,1,0.0,
l2,low,entropy,auc,1,0.4639999999999999,
l2,low,entropy,balanced_accuracy,1,0.505,
l2,low,entropy,tpr_at_5_fpr,1,0.05,
l2,low,entropy,tpr_at_10_fpr,1,0.08,
l2,low,global_true_class_log_odds,auc,1,0.5603,
l2,low,global_true_class_log_odds,balanced_accuracy,1,0.535,
l2,low,global_true_class_log_odds,tpr_at_5_fpr,1,0.06,
l2,low,global_true_class_log_odds,tpr_at_10_fpr,1,0.16,
l2,low,label_only_hsj,auc,1,0.55,
l2,low,label_only_hsj,balanced_accuracy,1,0.55,
l2,low,label_only_hsj,tpr_at_5_fpr,1,0.0,
l2,low,label_only_hsj,tpr_at_10_fpr,1,0.0,
l2,low,learned_pv_stats_logistic,auc,1,0.4737,
l2,low,learned_pv_stats_logistic,balanced_accuracy,1,0.51,
l2,low,learned_pv_stats_logistic,tpr_at_5_fpr,1,0.05,
l2,low,learned_pv_stats_logistic,tpr_at_10_fpr,1,0.12,
l2,low,lira_offline,auc,1,0.5486,
l2,low,lira_offline,balanced_accuracy,1,0.55,
l2,low,lira_offline,tpr_at_5_fpr,1,0.09,
l2,low,lira_offline,tpr_at_10_fpr,1,0.2,
l2,low,lira_offline_fixed_variance,auc,1,0.5070999999999999,
l2,low,lira_offline_fixed_variance,balanced_accuracy,1,0.49,
l2,low,lira_offline_fixed_variance,tpr_at_5_fpr,1,0.08,
l2,low,lira_offline_fixed_variance,tpr_at_10_fpr,1,0.16,
l2,low,lira_online,auc,1,0.5409999999999999,
l2,low,lira_online,balanced_accuracy,1,0.525,
l2,low,lira_online,tpr_at_5_fpr,1,0.1,
l2,low,lira_online,tpr_at_10_fpr,1,0.15,
l2,low,lira_online_fixed_variance,auc,1,0.5417000000000001,
l2,low,lira_online_fixed_variance,balanced_accuracy,1,0.5700000000000001,
l2,low,lira_online_fixed_variance,tpr_at_5_fpr,1,0.12,
l2,low,lira_online_fixed_variance,tpr_at_10_fpr,1,0.16,
l2,low,loss,auc,1,0.5243,
l2,low,loss,balanced_accuracy,1,0.52,
l2,low,loss,tpr_at_5_fpr,1,0.06,
l2,low,loss,tpr_at_10_fpr,1,0.07,
l2,low,margin,auc,1,0.4639999999999999,
l2,low,margin,balanced_accuracy,1,0.505,
l2,low,margin,tpr_at_5_fpr,1,0.05,
l2,low,margin,tpr_at_10_fpr,1,0.08,
l2,low,maximum_probability,auc,1,0.4639999999999999,
l2,low,maximum_probability,balanced_accuracy,1,0.505,
l2,low,maximum_probability,tpr_at_5_fpr,1,0.05,
l2,low,maximum_probability,tpr_at_10_fpr,1,0.08,
l2+dynanoise,high,global_true_class_log_odds,auc,1,0.5303000000000001,
l2+dynanoise,high,global_true_class_log_odds,balanced_accuracy,1,0.52,
l2+dynanoise,high,global_true_class_log_odds,tpr_at_5_fpr,1,0.04,
l2+dynanoise,high,global_true_class_log_odds,tpr_at_10_fpr,1,0.15,
l2+dynanoise,high,lira_offline,auc,1,0.5009,
l2+dynanoise,high,lira_offline,balanced_accuracy,1,0.495,
l2+dynanoise,high,lira_offline,tpr_at_5_fpr,1,0.05,
l2+dynanoise,high,lira_offline,tpr_at_10_fpr,1,0.08,
l2+dynanoise,high,lira_offline_fixed_variance,auc,1,0.4723,
l2+dynanoise,high,lira_offline_fixed_variance,balanced_accuracy,1,0.46,
l2+dynanoise,high,lira_offline_fixed_variance,tpr_at_5_fpr,1,0.02,
l2+dynanoise,high,lira_offline_fixed_variance,tpr_at_10_fpr,1,0.11,
l2+dynanoise,high,lira_online,auc,1,0.4381,
l2+dynanoise,high,lira_online,balanced_accuracy,1,0.46499999999999997,
l2+dynanoise,high,lira_online,tpr_at_5_fpr,1,0.05,
l2+dynanoise,high,lira_online,tpr_at_10_fpr,1,0.07,
l2+dynanoise,high,lira_online_fixed_variance,auc,1,0.5489999999999999,
l2+dynanoise,high,lira_online_fixed_variance,balanced_accuracy,1,0.525,
l2+dynanoise,high,lira_online_fixed_variance,tpr_at_5_fpr,1,0.08,
l2+dynanoise,high,lira_online_fixed_variance,tpr_at_10_fpr,1,0.1,
l2+dynanoise,low,global_true_class_log_odds,auc,1,0.5196000000000001,
l2+dynanoise,low,global_true_class_log_odds,balanced_accuracy,1,0.525,
l2+dynanoise,low,global_true_class_log_odds,tpr_at_5_fpr,1,0.05,
l2+dynanoise,low,global_true_class_log_odds,tpr_at_10_fpr,1,0.09,
l2+dynanoise,low,lira_offline,auc,1,0.5278,
l2+dynanoise,low,lira_offline,balanced_accuracy,1,0.53,
l2+dynanoise,low,lira_offline,tpr_at_5_fpr,1,0.02,
l2+dynanoise,low,lira_offline,tpr_at_10_fpr,1,0.18,
l2+dynanoise,low,lira_offline_fixed_variance,auc,1,0.4991,
l2+dynanoise,low,lira_offline_fixed_variance,balanced_accuracy,1,0.5,
l2+dynanoise,low,lira_offline_fixed_variance,tpr_at_5_fpr,1,0.05,
l2+dynanoise,low,lira_offline_fixed_variance,tpr_at_10_fpr,1,0.08,
l2+dynanoise,low,lira_online,auc,1,0.45649999999999996,
l2+dynanoise,low,lira_online,balanced_accuracy,1,0.455,
l2+dynanoise,low,lira_online,tpr_at_5_fpr,1,0.03,
l2+dynanoise,low,lira_online,tpr_at_10_fpr,1,0.06,
l2+dynanoise,low,lira_online_fixed_variance,auc,1,0.49440000000000006,
l2+dynanoise,low,lira_online_fixed_variance,balanced_accuracy,1,0.51,
l2+dynanoise,low,lira_online_fixed_variance,tpr_at_5_fpr,1,0.09,
l2+dynanoise,low,lira_online_fixed_variance,tpr_at_10_fpr,1,0.11,
l2+memgq_lattice,high,global_true_class_log_odds,auc,1,0.5069,
l2+memgq_lattice,high,global_true_class_log_odds,balanced_accuracy,1,0.5,
l2+memgq_lattice,high,global_true_class_log_odds,tpr_at_5_fpr,1,0.08,
l2+memgq_lattice,high,global_true_class_log_odds,tpr_at_10_fpr,1,0.16,
l2+memgq_lattice,high,lira_offline,auc,1,0.4579,
l2+memgq_lattice,high,lira_offline,balanced_accuracy,1,0.48500000000000004,
l2+memgq_lattice,high,lira_offline,tpr_at_5_fpr,1,0.07,
l2+memgq_lattice,high,lira_offline,tpr_at_10_fpr,1,0.12,
l2+memgq_lattice,high,lira_offline_fixed_variance,auc,1,0.45089999999999997,
l2+memgq_lattice,high,lira_offline_fixed_variance,balanced_accuracy,1,0.475,
l2+memgq_lattice,high,lira_offline_fixed_variance,tpr_at_5_fpr,1,0.02,
l2+memgq_lattice,high,lira_offline_fixed_variance,tpr_at_10_fpr,1,0.09,
l2+memgq_lattice,high,lira_online,auc,1,0.47240000000000004,
l2+memgq_lattice,high,lira_online,balanced_accuracy,1,0.475,
l2+memgq_lattice,high,lira_online,tpr_at_5_fpr,1,0.03,
l2+memgq_lattice,high,lira_online,tpr_at_10_fpr,1,0.09,
l2+memgq_lattice,high,lira_online_fixed_variance,auc,1,0.44770000000000004,
l2+memgq_lattice,high,lira_online_fixed_variance,balanced_accuracy,1,0.44999999999999996,
l2+memgq_lattice,high,lira_online_fixed_variance,tpr_at_5_fpr,1,0.02,
l2+memgq_lattice,high,lira_online_fixed_variance,tpr_at_10_fpr,1,0.1,
l2+memgq_lattice,low,global_true_class_log_odds,auc,1,0.5408999999999999,
l2+memgq_lattice,low,global_true_class_log_odds,balanced_accuracy,1,0.5349999999999999,
l2+memgq_lattice,low,global_true_class_log_odds,tpr_at_5_fpr,1,0.06,
l2+memgq_lattice,low,global_true_class_log_odds,tpr_at_10_fpr,1,0.12,
l2+memgq_lattice,low,lira_offline,auc,1,0.47079999999999994,
l2+memgq_lattice,low,lira_offline,balanced_accuracy,1,0.5,
l2+memgq_lattice,low,lira_offline,tpr_at_5_fpr,1,0.11,
l2+memgq_lattice,low,lira_offline,tpr_at_10_fpr,1,0.18,
l2+memgq_lattice,low,lira_offline_fixed_variance,auc,1,0.494,
l2+memgq_lattice,low,lira_offline_fixed_variance,balanced_accuracy,1,0.48,
l2+memgq_lattice,low,lira_offline_fixed_variance,tpr_at_5_fpr,1,0.05,
l2+memgq_lattice,low,lira_offline_fixed_variance,tpr_at_10_fpr,1,0.07,
l2+memgq_lattice,low,lira_online,auc,1,0.5517,
l2+memgq_lattice,low,lira_online,balanced_accuracy,1,0.53,
l2+memgq_lattice,low,lira_online,tpr_at_5_fpr,1,0.09,
l2+memgq_lattice,low,lira_online,tpr_at_10_fpr,1,0.15,
l2+memgq_lattice,low,lira_online_fixed_variance,auc,1,0.5689,
l2+memgq_lattice,low,lira_online_fixed_variance,balanced_accuracy,1,0.55,
l2+memgq_lattice,low,lira_online_fixed_variance,tpr_at_5_fpr,1,0.08,
l2+memgq_lattice,low,lira_online_fixed_variance,tpr_at_10_fpr,1,0.11,
l2+memgq_lattice_sticky,high,global_true_class_log_odds,auc,1,0.4927,
l2+memgq_lattice_sticky,high,global_true_class_log_odds,balanced_accuracy,1,0.495,
l2+memgq_lattice_sticky,high,global_true_class_log_odds,tpr_at_5_fpr,1,0.02,
l2+memgq_lattice_sticky,high,global_true_class_log_odds,tpr_at_10_fpr,1,0.05,
l2+memgq_lattice_sticky,high,lira_offline,auc,1,0.46840000000000004,
l2+memgq_lattice_sticky,high,lira_offline,balanced_accuracy,1,0.49,
l2+memgq_lattice_sticky,high,lira_offline,tpr_at_5_fpr,1,0.02,
l2+memgq_lattice_sticky,high,lira_offline,tpr_at_10_fpr,1,0.1,
l2+memgq_lattice_sticky,high,lira_offline_fixed_variance,auc,1,0.5269,
l2+memgq_lattice_sticky,high,lira_offline_fixed_variance,balanced_accuracy,1,0.525,
l2+memgq_lattice_sticky,high,lira_offline_fixed_variance,tpr_at_5_fpr,1,0.04,
l2+memgq_lattice_sticky,high,lira_offline_fixed_variance,tpr_at_10_fpr,1,0.07,
l2+memgq_lattice_sticky,high,lira_online,auc,1,0.4461,
l2+memgq_lattice_sticky,high,lira_online,balanced_accuracy,1,0.46,
l2+memgq_lattice_sticky,high,lira_online,tpr_at_5_fpr,1,0.02,
l2+memgq_lattice_sticky,high,lira_online,tpr_at_10_fpr,1,0.1,
l2+memgq_lattice_sticky,high,lira_online_fixed_variance,auc,1,0.4534,
l2+memgq_lattice_sticky,high,lira_online_fixed_variance,balanced_accuracy,1,0.47500000000000003,
l2+memgq_lattice_sticky,high,lira_online_fixed_variance,tpr_at_5_fpr,1,0.03,
l2+memgq_lattice_sticky,high,lira_online_fixed_variance,tpr_at_10_fpr,1,0.06,
l2+memgq_lattice_sticky,low,global_true_class_log_odds,auc,1,0.5668,
l2+memgq_lattice_sticky,low,global_true_class_log_odds,balanced_accuracy,1,0.565,
l2+memgq_lattice_sticky,low,global_true_class_log_odds,tpr_at_5_fpr,1,0.12,
l2+memgq_lattice_sticky,low,global_true_class_log_odds,tpr_at_10_fpr,1,0.14,
l2+memgq_lattice_sticky,low,lira_offline,auc,1,0.5753,
l2+memgq_lattice_sticky,low,lira_offline,balanced_accuracy,1,0.5700000000000001,
l2+memgq_lattice_sticky,low,lira_offline,tpr_at_5_fpr,1,0.13,
l2+memgq_lattice_sticky,low,lira_offline,tpr_at_10_fpr,1,0.26,
l2+memgq_lattice_sticky,low,lira_offline_fixed_variance,auc,1,0.4702,
l2+memgq_lattice_sticky,low,lira_offline_fixed_variance,balanced_accuracy,1,0.46,
l2+memgq_lattice_sticky,low,lira_offline_fixed_variance,tpr_at_5_fpr,1,0.08,
l2+memgq_lattice_sticky,low,lira_offline_fixed_variance,tpr_at_10_fpr,1,0.14,
l2+memgq_lattice_sticky,low,lira_online,auc,1,0.4285,
l2+memgq_lattice_sticky,low,lira_online,balanced_accuracy,1,0.44499999999999995,
l2+memgq_lattice_sticky,low,lira_online,tpr_at_5_fpr,1,0.05,
l2+memgq_lattice_sticky,low,lira_online,tpr_at_10_fpr,1,0.08,
l2+memgq_lattice_sticky,low,lira_online_fixed_variance,auc,1,0.5650999999999999,
l2+memgq_lattice_sticky,low,lira_online_fixed_variance,balanced_accuracy,1,0.54,
l2+memgq_lattice_sticky,low,lira_online_fixed_variance,tpr_at_5_fpr,1,0.08,
l2+memgq_lattice_sticky,low,lira_online_fixed_variance,tpr_at_10_fpr,1,0.15,
lattice_round,high,confidence,auc,1,0.6047,
lattice_round,high,confidence,balanced_accuracy,1,0.5449999999999999,
lattice_round,high,confidence,tpr_at_5_fpr,1,0.1,
lattice_round,high,confidence,tpr_at_10_fpr,1,0.18,
lattice_round,high,correctness,auc,1,0.5449999999999999,
lattice_round,high,correctness,balanced_accuracy,1,0.545,
lattice_round,high,correctness,tpr_at_5_fpr,1,0.0,
lattice_round,high,correctness,tpr_at_10_fpr,1,0.0,
lattice_round,high,entropy,auc,1,0.6014,
lattice_round,high,entropy,balanced_accuracy,1,0.54,
lattice_round,high,entropy,tpr_at_5_fpr,1,0.1,
lattice_round,high,entropy,tpr_at_10_fpr,1,0.18,
lattice_round,high,label_only_hsj,auc,1,0.6625,
lattice_round,high,label_only_hsj,balanced_accuracy,1,0.5249999999999999,
lattice_round,high,label_only_hsj,tpr_at_5_fpr,1,0.05,
lattice_round,high,label_only_hsj,tpr_at_10_fpr,1,0.25,
lattice_round,high,learned_pv_stats_logistic,auc,1,0.6056999999999999,
lattice_round,high,learned_pv_stats_logistic,balanced_accuracy,1,0.5449999999999999,
lattice_round,high,learned_pv_stats_logistic,tpr_at_5_fpr,1,0.1,
lattice_round,high,learned_pv_stats_logistic,tpr_at_10_fpr,1,0.18,
lattice_round,high,loss,auc,1,0.6047,
lattice_round,high,loss,balanced_accuracy,1,0.5449999999999999,
lattice_round,high,loss,tpr_at_5_fpr,1,0.1,
lattice_round,high,loss,tpr_at_10_fpr,1,0.18,
lattice_round,high,margin,auc,1,0.6014,
lattice_round,high,margin,balanced_accuracy,1,0.54,
lattice_round,high,margin,tpr_at_5_fpr,1,0.1,
lattice_round,high,margin,tpr_at_10_fpr,1,0.18,
lattice_round,high,maximum_probability,auc,1,0.6014,
lattice_round,high,maximum_probability,balanced_accuracy,1,0.54,
lattice_round,high,maximum_probability,tpr_at_5_fpr,1,0.1,
lattice_round,high,maximum_probability,tpr_at_10_fpr,1,0.18,
lattice_round,low,confidence,auc,1,0.5544500000000001,
lattice_round,low,confidence,balanced_accuracy,1,0.56,
lattice_round,low,confidence,tpr_at_5_fpr,1,0.07,
lattice_round,low,confidence,tpr_at_10_fpr,1,0.1,
lattice_round,low,correctness,auc,1,0.525,
lattice_round,low,correctness,balanced_accuracy,1,0.525,
lattice_round,low,correctness,tpr_at_5_fpr,1,0.0,
lattice_round,low,correctness,tpr_at_10_fpr,1,0.0,
lattice_round,low,entropy,auc,1,0.42315,
lattice_round,low,entropy,balanced_accuracy,1,0.42,
lattice_round,low,entropy,tpr_at_5_fpr,1,0.03,
lattice_round,low,entropy,tpr_at_10_fpr,1,0.06,
lattice_round,low,label_only_hsj,auc,1,0.38,
lattice_round,low,label_only_hsj,balanced_accuracy,1,0.4,
lattice_round,low,label_only_hsj,tpr_at_5_fpr,1,0.0,
lattice_round,low,label_only_hsj,tpr_at_10_fpr,1,0.0,
lattice_round,low,learned_pv_stats_logistic,auc,1,0.50765,
lattice_round,low,learned_pv_stats_logistic,balanced_accuracy,1,0.535,
lattice_round,low,learned_pv_stats_logistic,tpr_at_5_fpr,1,0.01,
lattice_round,low,learned_pv_stats_logistic,tpr_at_10_fpr,1,0.06,
lattice_round,low,loss,auc,1,0.5544500000000001,
lattice_round,low,loss,balanced_accuracy,1,0.56,
lattice_round,low,loss,tpr_at_5_fpr,1,0.07,
lattice_round,low,loss,tpr_at_10_fpr,1,0.1,
lattice_round,low,margin,auc,1,0.42315,
lattice_round,low,margin,balanced_accuracy,1,0.42,
lattice_round,low,margin,tpr_at_5_fpr,1,0.03,
lattice_round,low,margin,tpr_at_10_fpr,1,0.06,
lattice_round,low,maximum_probability,auc,1,0.42315,
lattice_round,low,maximum_probability,balanced_accuracy,1,0.42,
lattice_round,low,maximum_probability,tpr_at_5_fpr,1,0.03,
lattice_round,low,maximum_probability,tpr_at_10_fpr,1,0.06,
logitguard_continuous,high,confidence,auc,1,0.5551,
logitguard_continuous,high,confidence,balanced_accuracy,1,0.555,
logitguard_continuous,high,confidence,tpr_at_5_fpr,1,0.07,
logitguard_continuous,high,confidence,tpr_at_10_fpr,1,0.1,
logitguard_continuous,high,correctness,auc,1,0.54,
logitguard_continuous,high,correctness,balanced_accuracy,1,0.54,
logitguard_continuous,high,correctness,tpr_at_5_fpr,1,0.0,
logitguard_continuous,high,correctness,tpr_at_10_fpr,1,0.0,
logitguard_continuous,high,entropy,auc,1,0.4592,
logitguard_continuous,high,entropy,balanced_accuracy,1,0.465,
logitguard_continuous,high,entropy,tpr_at_5_fpr,1,0.05,
logitguard_continuous,high,entropy,tpr_at_10_fpr,1,0.06,
logitguard_continuous,high,learned_pv_stats_logistic,auc,1,0.5669,
logitguard_continuous,high,learned_pv_stats_logistic,balanced_accuracy,1,0.545,
logitguard_continuous,high,learned_pv_stats_logistic,tpr_at_5_fpr,1,0.07,
logitguard_continuous,high,learned_pv_stats_logistic,tpr_at_10_fpr,1,0.09,
logitguard_continuous,high,loss,auc,1,0.5551,
logitguard_continuous,high,loss,balanced_accuracy,1,0.555,
logitguard_continuous,high,loss,tpr_at_5_fpr,1,0.07,
logitguard_continuous,high,loss,tpr_at_10_fpr,1,0.1,
logitguard_continuous,high,margin,auc,1,0.4592,
logitguard_continuous,high,margin,balanced_accuracy,1,0.465,
logitguard_continuous,high,margin,tpr_at_5_fpr,1,0.05,
logitguard_continuous,high,margin,tpr_at_10_fpr,1,0.06,
logitguard_continuous,high,maximum_probability,auc,1,0.4592,
logitguard_continuous,high,maximum_probability,balanced_accuracy,1,0.465,
logitguard_continuous,high,maximum_probability,tpr_at_5_fpr,1,0.05,
logitguard_continuous,high,maximum_probability,tpr_at_10_fpr,1,0.06,
logitguard_continuous,low,confidence,auc,1,0.4729,
logitguard_continuous,low,confidence,balanced_accuracy,1,0.52,
logitguard_continuous,low,confidence,tpr_at_5_fpr,1,0.08,
logitguard_continuous,low,confidence,tpr_at_10_fpr,1,0.08,
logitguard_continuous,low,correctness,auc,1,0.525,
logitguard_continuous,low,correctness,balanced_accuracy,1,0.525,
logitguard_continuous,low,correctness,tpr_at_5_fpr,1,0.0,
logitguard_continuous,low,correctness,tpr_at_10_fpr,1,0.0,
logitguard_continuous,low,entropy,auc,1,0.5315,
logitguard_continuous,low,entropy,balanced_accuracy,1,0.55,
logitguard_continuous,low,entropy,tpr_at_5_fpr,1,0.12,
logitguard_continuous,low,entropy,tpr_at_10_fpr,1,0.15,
logitguard_continuous,low,learned_pv_stats_logistic,auc,1,0.5135000000000001,
logitguard_continuous,low,learned_pv_stats_logistic,balanced_accuracy,1,0.54,
logitguard_continuous,low,learned_pv_stats_logistic,tpr_at_5_fpr,1,0.05,
logitguard_continuous,low,learned_pv_stats_logistic,tpr_at_10_fpr,1,0.1,
logitguard_continuous,low,loss,auc,1,0.4729,
logitguard_continuous,low,loss,balanced_accuracy,1,0.52,
logitguard_continuous,low,loss,tpr_at_5_fpr,1,0.08,
logitguard_continuous,low,loss,tpr_at_10_fpr,1,0.08,
logitguard_continuous,low,margin,auc,1,0.5315,
logitguard_continuous,low,margin,balanced_accuracy,1,0.55,
logitguard_continuous,low,margin,tpr_at_5_fpr,1,0.12,
logitguard_continuous,low,margin,tpr_at_10_fpr,1,0.15,
logitguard_continuous,low,maximum_probability,auc,1,0.5315,
logitguard_continuous,low,maximum_probability,balanced_accuracy,1,0.55,
logitguard_continuous,low,maximum_probability,tpr_at_5_fpr,1,0.12,
logitguard_continuous,low,maximum_probability,tpr_at_10_fpr,1,0.15,
logitguard_quantized,high,confidence,auc,1,0.5584,
logitguard_quantized,high,confidence,balanced_accuracy,1,0.555,
logitguard_quantized,high,confidence,tpr_at_5_fpr,1,0.07,
logitguard_quantized,high,confidence,tpr_at_10_fpr,1,0.07,
logitguard_quantized,high,correctness,auc,1,0.54,
logitguard_quantized,high,correctness,balanced_accuracy,1,0.54,
logitguard_quantized,high,correctness,tpr_at_5_fpr,1,0.0,
logitguard_quantized,high,correctness,tpr_at_10_fpr,1,0.0,
logitguard_quantized,high,entropy,auc,1,0.45415,
logitguard_quantized,high,entropy,balanced_accuracy,1,0.4649999999999999,
logitguard_quantized,high,entropy,tpr_at_5_fpr,1,0.03,
logitguard_quantized,high,entropy,tpr_at_10_fpr,1,0.05,
logitguard_quantized,high,learned_pv_stats_logistic,auc,1,0.5696000000000001,
logitguard_quantized,high,learned_pv_stats_logistic,balanced_accuracy,1,0.54,
logitguard_quantized,high,learned_pv_stats_logistic,tpr_at_5_fpr,1,0.07,
logitguard_quantized,high,learned_pv_stats_logistic,tpr_at_10_fpr,1,0.07,
logitguard_quantized,high,loss,auc,1,0.5584,
logitguard_quantized,high,loss,balanced_accuracy,1,0.555,
logitguard_quantized,high,loss,tpr_at_5_fpr,1,0.07,
logitguard_quantized,high,loss,tpr_at_10_fpr,1,0.07,
logitguard_quantized,high,margin,auc,1,0.45415,
logitguard_quantized,high,margin,balanced_accuracy,1,0.4649999999999999,
logitguard_quantized,high,margin,tpr_at_5_fpr,1,0.03,
logitguard_quantized,high,margin,tpr_at_10_fpr,1,0.05,
logitguard_quantized,high,maximum_probability,auc,1,0.45415,
logitguard_quantized,high,maximum_probability,balanced_accuracy,1,0.4649999999999999,
logitguard_quantized,high,maximum_probability,tpr_at_5_fpr,1,0.03,
logitguard_quantized,high,maximum_probability,tpr_at_10_fpr,1,0.05,
logitguard_quantized,low,confidence,auc,1,0.4722,
logitguard_quantized,low,confidence,balanced_accuracy,1,0.51,
logitguard_quantized,low,confidence,tpr_at_5_fpr,1,0.06,
logitguard_quantized,low,confidence,tpr_at_10_fpr,1,0.06,
logitguard_quantized,low,correctness,auc,1,0.525,
logitguard_quantized,low,correctness,balanced_accuracy,1,0.525,
logitguard_quantized,low,correctness,tpr_at_5_fpr,1,0.0,
logitguard_quantized,low,correctness,tpr_at_10_fpr,1,0.0,
logitguard_quantized,low,entropy,auc,1,0.529,
logitguard_quantized,low,entropy,balanced_accuracy,1,0.55,
logitguard_quantized,low,entropy,tpr_at_5_fpr,1,0.11,
logitguard_quantized,low,entropy,tpr_at_10_fpr,1,0.11,
logitguard_quantized,low,learned_pv_stats_logistic,auc,1,0.51065,
logitguard_quantized,low,learned_pv_stats_logistic,balanced_accuracy,1,0.53,
logitguard_quantized,low,learned_pv_stats_logistic,tpr_at_5_fpr,1,0.04,
logitguard_quantized,low,learned_pv_stats_logistic,tpr_at_10_fpr,1,0.06,
logitguard_quantized,low,loss,auc,1,0.4722,
logitguard_quantized,low,loss,balanced_accuracy,1,0.51,
logitguard_quantized,low,loss,tpr_at_5_fpr,1,0.06,
logitguard_quantized,low,loss,tpr_at_10_fpr,1,0.06,
logitguard_quantized,low,margin,auc,1,0.529,
logitguard_quantized,low,margin,balanced_accuracy,1,0.55,
logitguard_quantized,low,margin,tpr_at_5_fpr,1,0.11,
logitguard_quantized,low,margin,tpr_at_10_fpr,1,0.11,
logitguard_quantized,low,maximum_probability,auc,1,0.529,
logitguard_quantized,low,maximum_probability,balanced_accuracy,1,0.55,
logitguard_quantized,low,maximum_probability,tpr_at_5_fpr,1,0.11,
logitguard_quantized,low,maximum_probability,tpr_at_10_fpr,1,0.11,
measurementguard_continuous,high,confidence,auc,1,0.5423,
measurementguard_continuous,high,confidence,balanced_accuracy,1,0.55,
measurementguard_continuous,high,confidence,tpr_at_5_fpr,1,0.03,
measurementguard_continuous,high,confidence,tpr_at_10_fpr,1,0.1,
measurementguard_continuous,high,correctness,auc,1,0.54,
measurementguard_continuous,high,correctness,balanced_accuracy,1,0.54,
measurementguard_continuous,high,correctness,tpr_at_5_fpr,1,0.0,
measurementguard_continuous,high,correctness,tpr_at_10_fpr,1,0.0,
measurementguard_continuous,high,entropy,auc,1,0.5193,
measurementguard_continuous,high,entropy,balanced_accuracy,1,0.53,
measurementguard_continuous,high,entropy,tpr_at_5_fpr,1,0.09,
measurementguard_continuous,high,entropy,tpr_at_10_fpr,1,0.16,
measurementguard_continuous,high,learned_pv_stats_logistic,auc,1,0.5541,
measurementguard_continuous,high,learned_pv_stats_logistic,balanced_accuracy,1,0.555,
measurementguard_continuous,high,learned_pv_stats_logistic,tpr_at_5_fpr,1,0.07,
measurementguard_continuous,high,learned_pv_stats_logistic,tpr_at_10_fpr,1,0.14,
measurementguard_continuous,high,loss,auc,1,0.5423,
measurementguard_continuous,high,loss,balanced_accuracy,1,0.55,
measurementguard_continuous,high,loss,tpr_at_5_fpr,1,0.03,
measurementguard_continuous,high,loss,tpr_at_10_fpr,1,0.1,
measurementguard_continuous,high,margin,auc,1,0.5193,
measurementguard_continuous,high,margin,balanced_accuracy,1,0.53,
measurementguard_continuous,high,margin,tpr_at_5_fpr,1,0.09,
measurementguard_continuous,high,margin,tpr_at_10_fpr,1,0.16,
measurementguard_continuous,high,maximum_probability,auc,1,0.5193,
measurementguard_continuous,high,maximum_probability,balanced_accuracy,1,0.53,
measurementguard_continuous,high,maximum_probability,tpr_at_5_fpr,1,0.09,
measurementguard_continuous,high,maximum_probability,tpr_at_10_fpr,1,0.16,
measurementguard_continuous,low,confidence,auc,1,0.4797,
measurementguard_continuous,low,confidence,balanced_accuracy,1,0.49,
measurementguard_continuous,low,confidence,tpr_at_5_fpr,1,0.06,
measurementguard_continuous,low,confidence,tpr_at_10_fpr,1,0.08,
measurementguard_continuous,low,correctness,auc,1,0.525,
measurementguard_continuous,low,correctness,balanced_accuracy,1,0.525,
measurementguard_continuous,low,correctness,tpr_at_5_fpr,1,0.0,
measurementguard_continuous,low,correctness,tpr_at_10_fpr,1,0.0,
measurementguard_continuous,low,entropy,auc,1,0.4995,
measurementguard_continuous,low,entropy,balanced_accuracy,1,0.52,
measurementguard_continuous,low,entropy,tpr_at_5_fpr,1,0.12,
measurementguard_continuous,low,entropy,tpr_at_10_fpr,1,0.13,
measurementguard_continuous,low,learned_pv_stats_logistic,auc,1,0.5295000000000001,
measurementguard_continuous,low,learned_pv_stats_logistic,balanced_accuracy,1,0.515,
measurementguard_continuous,low,learned_pv_stats_logistic,tpr_at_5_fpr,1,0.12,
measurementguard_continuous,low,learned_pv_stats_logistic,tpr_at_10_fpr,1,0.17,
measurementguard_continuous,low,loss,auc,1,0.4797,
measurementguard_continuous,low,loss,balanced_accuracy,1,0.49,
measurementguard_continuous,low,loss,tpr_at_5_fpr,1,0.06,
measurementguard_continuous,low,loss,tpr_at_10_fpr,1,0.08,
measurementguard_continuous,low,margin,auc,1,0.4995,
measurementguard_continuous,low,margin,balanced_accuracy,1,0.52,
measurementguard_continuous,low,margin,tpr_at_5_fpr,1,0.12,
measurementguard_continuous,low,margin,tpr_at_10_fpr,1,0.13,
measurementguard_continuous,low,maximum_probability,auc,1,0.4995,
measurementguard_continuous,low,maximum_probability,balanced_accuracy,1,0.52,
measurementguard_continuous,low,maximum_probability,tpr_at_5_fpr,1,0.12,
measurementguard_continuous,low,maximum_probability,tpr_at_10_fpr,1,0.13,
memgq_lattice,high,confidence,auc,1,0.5345,
memgq_lattice,high,confidence,balanced_accuracy,1,0.535,
memgq_lattice,high,confidence,tpr_at_5_fpr,1,0.06,
memgq_lattice,high,confidence,tpr_at_10_fpr,1,0.12,
memgq_lattice,high,correctness,auc,1,0.54,
memgq_lattice,high,correctness,balanced_accuracy,1,0.54,
memgq_lattice,high,correctness,tpr_at_5_fpr,1,0.0,
memgq_lattice,high,correctness,tpr_at_10_fpr,1,0.0,
memgq_lattice,high,entropy,auc,1,0.4893999999999999,
memgq_lattice,high,entropy,balanced_accuracy,1,0.5,
memgq_lattice,high,entropy,tpr_at_5_fpr,1,0.07,
memgq_lattice,high,entropy,tpr_at_10_fpr,1,0.09,
memgq_lattice,high,global_true_class_log_odds,auc,1,0.5661,
memgq_lattice,high,global_true_class_log_odds,balanced_accuracy,1,0.555,
memgq_lattice,high,global_true_class_log_odds,tpr_at_5_fpr,1,0.09,
memgq_lattice,high,global_true_class_log_odds,tpr_at_10_fpr,1,0.23,
memgq_lattice,high,label_only_hsj,auc,1,0.6425,
memgq_lattice,high,label_only_hsj,balanced_accuracy,1,0.575,
memgq_lattice,high,label_only_hsj,tpr_at_5_fpr,1,0.05,
memgq_lattice,high,label_only_hsj,tpr_at_10_fpr,1,0.05,
memgq_lattice,high,learned_pv_stats_logistic,auc,1,0.5533999999999999,
memgq_lattice,high,learned_pv_stats_logistic,balanced_accuracy,1,0.535,
memgq_lattice,high,learned_pv_stats_logistic,tpr_at_5_fpr,1,0.06,
memgq_lattice,high,learned_pv_stats_logistic,tpr_at_10_fpr,1,0.15,
memgq_lattice,high,lira_offline,auc,1,0.5382,
memgq_lattice,high,lira_offline,balanced_accuracy,1,0.525,
memgq_lattice,high,lira_offline,tpr_at_5_fpr,1,0.03,
memgq_lattice,high,lira_offline,tpr_at_10_fpr,1,0.06,
memgq_lattice,high,lira_offline_fixed_variance,auc,1,0.5284,
memgq_lattice,high,lira_offline_fixed_variance,balanced_accuracy,1,0.5,
memgq_lattice,high,lira_offline_fixed_variance,tpr_at_5_fpr,1,0.04,
memgq_lattice,high,lira_offline_fixed_variance,tpr_at_10_fpr,1,0.06,
memgq_lattice,high,lira_online,auc,1,0.5967,
memgq_lattice,high,lira_online,balanced_accuracy,1,0.52,
memgq_lattice,high,lira_online,tpr_at_5_fpr,1,0.08,
memgq_lattice,high,lira_online,tpr_at_10_fpr,1,0.12,
memgq_lattice,high,lira_online_fixed_variance,auc,1,0.6011,
memgq_lattice,high,lira_online_fixed_variance,balanced_accuracy,1,0.58,
memgq_lattice,high,lira_online_fixed_variance,tpr_at_5_fpr,1,0.14,
memgq_lattice,high,lira_online_fixed_variance,tpr_at_10_fpr,1,0.22,
memgq_lattice,high,loss,auc,1,0.5345,
memgq_lattice,high,loss,balanced_accuracy,1,0.535,
memgq_lattice,high,loss,tpr_at_5_fpr,1,0.06,
memgq_lattice,high,loss,tpr_at_10_fpr,1,0.12,
memgq_lattice,high,margin,auc,1,0.4893999999999999,
memgq_lattice,high,margin,balanced_accuracy,1,0.5,
memgq_lattice,high,margin,tpr_at_5_fpr,1,0.07,
memgq_lattice,high,margin,tpr_at_10_fpr,1,0.09,
memgq_lattice,high,maximum_probability,auc,1,0.4893999999999999,
memgq_lattice,high,maximum_probability,balanced_accuracy,1,0.5,
memgq_lattice,high,maximum_probability,tpr_at_5_fpr,1,0.07,
memgq_lattice,high,maximum_probability,tpr_at_10_fpr,1,0.09,
memgq_lattice,high,nearby_query_logistic_q32,auc,1,0.5907000000000001,
memgq_lattice,high,nearby_query_logistic_q32,balanced_accuracy,1,0.575,
memgq_lattice,high,nearby_query_logistic_q32,tpr_at_5_fpr,1,0.15,
memgq_lattice,high,nearby_query_logistic_q32,tpr_at_10_fpr,1,0.19,
memgq_lattice,low,confidence,auc,1,0.56115,
memgq_lattice,low,confidence,balanced_accuracy,1,0.55,
memgq_lattice,low,confidence,tpr_at_5_fpr,1,0.08,
memgq_lattice,low,confidence,tpr_at_10_fpr,1,0.12,
memgq_lattice,low,correctness,auc,1,0.525,
memgq_lattice,low,correctness,balanced_accuracy,1,0.525,
memgq_lattice,low,correctness,tpr_at_5_fpr,1,0.0,
memgq_lattice,low,correctness,tpr_at_10_fpr,1,0.0,
memgq_lattice,low,entropy,auc,1,0.5098499999999999,
memgq_lattice,low,entropy,balanced_accuracy,1,0.525,
memgq_lattice,low,entropy,tpr_at_5_fpr,1,0.11,
memgq_lattice,low,entropy,tpr_at_10_fpr,1,0.13,
memgq_lattice,low,global_true_class_log_odds,auc,1,0.5046,
memgq_lattice,low,global_true_class_log_odds,balanced_accuracy,1,0.47,
memgq_lattice,low,global_true_class_log_odds,tpr_at_5_fpr,1,0.06,
memgq_lattice,low,global_true_class_log_odds,tpr_at_10_fpr,1,0.09,
memgq_lattice,low,label_only_hsj,auc,1,0.38250000000000006,
memgq_lattice,low,label_only_hsj,balanced_accuracy,1,0.35000000000000003,
memgq_lattice,low,label_only_hsj,tpr_at_5_fpr,1,0.0,
memgq_lattice,low,label_only_hsj,tpr_at_10_fpr,1,0.0,
memgq_lattice,low,learned_pv_stats_logistic,auc,1,0.54535,
memgq_lattice,low,learned_pv_stats_logistic,balanced_accuracy,1,0.55,
memgq_lattice,low,learned_pv_stats_logistic,tpr_at_5_fpr,1,0.08,
memgq_lattice,low,learned_pv_stats_logistic,tpr_at_10_fpr,1,0.11,
memgq_lattice,low,lira_offline,auc,1,0.5227,
memgq_lattice,low,lira_offline,balanced_accuracy,1,0.495,
memgq_lattice,low,lira_offline,tpr_at_5_fpr,1,0.07,
memgq_lattice,low,lira_offline,tpr_at_10_fpr,1,0.14,
memgq_lattice,low,lira_offline_fixed_variance,auc,1,0.511,
memgq_lattice,low,lira_offline_fixed_variance,balanced_accuracy,1,0.515,
memgq_lattice,low,lira_offline_fixed_variance,tpr_at_5_fpr,1,0.1,
memgq_lattice,low,lira_offline_fixed_variance,tpr_at_10_fpr,1,0.21,
memgq_lattice,low,lira_online,auc,1,0.5483,
memgq_lattice,low,lira_online,balanced_accuracy,1,0.495,
memgq_lattice,low,lira_online,tpr_at_5_fpr,1,0.13,
memgq_lattice,low,lira_online,tpr_at_10_fpr,1,0.14,
memgq_lattice,low,lira_online_fixed_variance,auc,1,0.5362,
memgq_lattice,low,lira_online_fixed_variance,balanced_accuracy,1,0.5,
memgq_lattice,low,lira_online_fixed_variance,tpr_at_5_fpr,1,0.08,
memgq_lattice,low,lira_online_fixed_variance,tpr_at_10_fpr,1,0.2,
memgq_lattice,low,loss,auc,1,0.56115,
memgq_lattice,low,loss,balanced_accuracy,1,0.55,
memgq_lattice,low,loss,tpr_at_5_fpr,1,0.08,
memgq_lattice,low,loss,tpr_at_10_fpr,1,0.12,
memgq_lattice,low,margin,auc,1,0.5098499999999999,
memgq_lattice,low,margin,balanced_accuracy,1,0.525,
memgq_lattice,low,margin,tpr_at_5_fpr,1,0.11,
memgq_lattice,low,margin,tpr_at_10_fpr,1,0.13,
memgq_lattice,low,maximum_probability,auc,1,0.5098499999999999,
memgq_lattice,low,maximum_probability,balanced_accuracy,1,0.525,
memgq_lattice,low,maximum_probability,tpr_at_5_fpr,1,0.11,
memgq_lattice,low,maximum_probability,tpr_at_10_fpr,1,0.13,
memgq_lattice,low,nearby_query_logistic_q32,auc,1,0.5486,
memgq_lattice,low,nearby_query_logistic_q32,balanced_accuracy,1,0.52,
memgq_lattice,low,nearby_query_logistic_q32,tpr_at_5_fpr,1,0.04,
memgq_lattice,low,nearby_query_logistic_q32,tpr_at_10_fpr,1,0.06,
memgq_lattice_sticky,high,confidence,auc,1,0.546,
memgq_lattice_sticky,high,confidence,balanced_accuracy,1,0.5549999999999999,
memgq_lattice_sticky,high,confidence,tpr_at_5_fpr,1,0.07,
memgq_lattice_sticky,high,confidence,tpr_at_10_fpr,1,0.11,
memgq_lattice_sticky,high,correctness,auc,1,0.5449999999999999,
memgq_lattice_sticky,high,correctness,balanced_accuracy,1,0.545,
memgq_lattice_sticky,high,correctness,tpr_at_5_fpr,1,0.0,
memgq_lattice_sticky,high,correctness,tpr_at_10_fpr,1,0.0,
memgq_lattice_sticky,high,entropy,auc,1,0.4981,
memgq_lattice_sticky,high,entropy,balanced_accuracy,1,0.515,
memgq_lattice_sticky,high,entropy,tpr_at_5_fpr,1,0.07,
memgq_lattice_sticky,high,entropy,tpr_at_10_fpr,1,0.1,
memgq_lattice_sticky,high,global_true_class_log_odds,auc,1,0.5568,
memgq_lattice_sticky,high,global_true_class_log_odds,balanced_accuracy,1,0.56,
memgq_lattice_sticky,high,global_true_class_log_odds,tpr_at_5_fpr,1,0.07,
memgq_lattice_sticky,high,global_true_class_log_odds,tpr_at_10_fpr,1,0.09,
memgq_lattice_sticky,high,label_only_hsj,auc,1,0.685,
memgq_lattice_sticky,high,label_only_hsj,balanced_accuracy,1,0.625,
memgq_lattice_sticky,high,label_only_hsj,tpr_at_5_fpr,1,0.05,
memgq_lattice_sticky,high,label_only_hsj,tpr_at_10_fpr,1,0.25,
memgq_lattice_sticky,high,learned_pv_stats_logistic,auc,1,0.5596000000000001,
memgq_lattice_sticky,high,learned_pv_stats_logistic,balanced_accuracy,1,0.54,
memgq_lattice_sticky,high,learned_pv_stats_logistic,tpr_at_5_fpr,1,0.07,
memgq_lattice_sticky,high,learned_pv_stats_logistic,tpr_at_10_fpr,1,0.14,
memgq_lattice_sticky,high,lira_offline,auc,1,0.534,
memgq_lattice_sticky,high,lira_offline,balanced_accuracy,1,0.5349999999999999,
memgq_lattice_sticky,high,lira_offline,tpr_at_5_fpr,1,0.03,
memgq_lattice_sticky,high,lira_offline,tpr_at_10_fpr,1,0.07,
memgq_lattice_sticky,high,lira_offline_fixed_variance,auc,1,0.5661,
memgq_lattice_sticky,high,lira_offline_fixed_variance,balanced_accuracy,1,0.53,
memgq_lattice_sticky,high,lira_offline_fixed_variance,tpr_at_5_fpr,1,0.04,
memgq_lattice_sticky,high,lira_offline_fixed_variance,tpr_at_10_fpr,1,0.08,
memgq_lattice_sticky,high,lira_online,auc,1,0.5738000000000001,
memgq_lattice_sticky,high,lira_online,balanced_accuracy,1,0.5549999999999999,
memgq_lattice_sticky,high,lira_online,tpr_at_5_fpr,1,0.04,
memgq_lattice_sticky,high,lira_online,tpr_at_10_fpr,1,0.15,
memgq_lattice_sticky,high,lira_online_fixed_variance,auc,1,0.6402000000000001,
memgq_lattice_sticky,high,lira_online_fixed_variance,balanced_accuracy,1,0.62,
memgq_lattice_sticky,high,lira_online_fixed_variance,tpr_at_5_fpr,1,0.18,
memgq_lattice_sticky,high,lira_online_fixed_variance,tpr_at_10_fpr,1,0.29,
memgq_lattice_sticky,high,loss,auc,1,0.546,
memgq_lattice_sticky,high,loss,balanced_accuracy,1,0.5549999999999999,
memgq_lattice_sticky,high,loss,tpr_at_5_fpr,1,0.07,
memgq_lattice_sticky,high,loss,tpr_at_10_fpr,1,0.11,
memgq_lattice_sticky,high,margin,auc,1,0.4981,
memgq_lattice_sticky,high,margin,balanced_accuracy,1,0.515,
memgq_lattice_sticky,high,margin,tpr_at_5_fpr,1,0.07,
memgq_lattice_sticky,high,margin,tpr_at_10_fpr,1,0.1,
memgq_lattice_sticky,high,maximum_probability,auc,1,0.4981,
memgq_lattice_sticky,high,maximum_probability,balanced_accuracy,1,0.515,
memgq_lattice_sticky,high,maximum_probability,tpr_at_5_fpr,1,0.07,
memgq_lattice_sticky,high,maximum_probability,tpr_at_10_fpr,1,0.1,
memgq_lattice_sticky,high,nearby_query_logistic_q32,auc,1,0.5912000000000001,
memgq_lattice_sticky,high,nearby_query_logistic_q32,balanced_accuracy,1,0.565,
memgq_lattice_sticky,high,nearby_query_logistic_q32,tpr_at_5_fpr,1,0.12,
memgq_lattice_sticky,high,nearby_query_logistic_q32,tpr_at_10_fpr,1,0.17,
memgq_lattice_sticky,low,confidence,auc,1,0.42925,
memgq_lattice_sticky,low,confidence,balanced_accuracy,1,0.43,
memgq_lattice_sticky,low,confidence,tpr_at_5_fpr,1,0.03,
memgq_lattice_sticky,low,confidence,tpr_at_10_fpr,1,0.04,
memgq_lattice_sticky,low,correctness,auc,1,0.525,
memgq_lattice_sticky,low,correctness,balanced_accuracy,1,0.525,
memgq_lattice_sticky,low,correctness,tpr_at_5_fpr,1,0.0,
memgq_lattice_sticky,low,correctness,tpr_at_10_fpr,1,0.0,
memgq_lattice_sticky,low,entropy,auc,1,0.48195,
memgq_lattice_sticky,low,entropy,balanced_accuracy,1,0.4599999999999999,
memgq_lattice_sticky,low,entropy,tpr_at_5_fpr,1,0.12,
memgq_lattice_sticky,low,entropy,tpr_at_10_fpr,1,0.15,
memgq_lattice_sticky,low,global_true_class_log_odds,auc,1,0.51515,
memgq_lattice_sticky,low,global_true_class_log_odds,balanced_accuracy,1,0.475,
memgq_lattice_sticky,low,global_true_class_log_odds,tpr_at_5_fpr,1,0.06,
memgq_lattice_sticky,low,global_true_class_log_odds,tpr_at_10_fpr,1,0.09,
memgq_lattice_sticky,low,label_only_hsj,auc,1,0.38749999999999996,
memgq_lattice_sticky,low,label_only_hsj,balanced_accuracy,1,0.35000000000000003,
memgq_lattice_sticky,low,label_only_hsj,tpr_at_5_fpr,1,0.0,
memgq_lattice_sticky,low,label_only_hsj,tpr_at_10_fpr,1,0.0,
memgq_lattice_sticky,low,learned_pv_stats_logistic,auc,1,0.49645,
memgq_lattice_sticky,low,learned_pv_stats_logistic,balanced_accuracy,1,0.485,
memgq_lattice_sticky,low,learned_pv_stats_logistic,tpr_at_5_fpr,1,0.11,
memgq_lattice_sticky,low,learned_pv_stats_logistic,tpr_at_10_fpr,1,0.15,
memgq_lattice_sticky,low,lira_offline,auc,1,0.5607,
memgq_lattice_sticky,low,lira_offline,balanced_accuracy,1,0.535,
memgq_lattice_sticky,low,lira_offline,tpr_at_5_fpr,1,0.16,
memgq_lattice_sticky,low,lira_offline,tpr_at_10_fpr,1,0.16,
memgq_lattice_sticky,low,lira_offline_fixed_variance,auc,1,0.5449000000000002,
memgq_lattice_sticky,low,lira_offline_fixed_variance,balanced_accuracy,1,0.515,
memgq_lattice_sticky,low,lira_offline_fixed_variance,tpr_at_5_fpr,1,0.16,
memgq_lattice_sticky,low,lira_offline_fixed_variance,tpr_at_10_fpr,1,0.26,
memgq_lattice_sticky,low,lira_online,auc,1,0.5297999999999999,
memgq_lattice_sticky,low,lira_online,balanced_accuracy,1,0.52,
memgq_lattice_sticky,low,lira_online,tpr_at_5_fpr,1,0.13,
memgq_lattice_sticky,low,lira_online,tpr_at_10_fpr,1,0.17,
memgq_lattice_sticky,low,lira_online_fixed_variance,auc,1,0.5389999999999999,
memgq_lattice_sticky,low,lira_online_fixed_variance,balanced_accuracy,1,0.53,
memgq_lattice_sticky,low,lira_online_fixed_variance,tpr_at_5_fpr,1,0.18,
memgq_lattice_sticky,low,lira_online_fixed_variance,tpr_at_10_fpr,1,0.21,
memgq_lattice_sticky,low,loss,auc,1,0.42925,
memgq_lattice_sticky,low,loss,balanced_accuracy,1,0.43,
memgq_lattice_sticky,low,loss,tpr_at_5_fpr,1,0.03,
memgq_lattice_sticky,low,loss,tpr_at_10_fpr,1,0.04,
memgq_lattice_sticky,low,margin,auc,1,0.48195,
memgq_lattice_sticky,low,margin,balanced_accuracy,1,0.4599999999999999,
memgq_lattice_sticky,low,margin,tpr_at_5_fpr,1,0.12,
memgq_lattice_sticky,low,margin,tpr_at_10_fpr,1,0.15,
memgq_lattice_sticky,low,maximum_probability,auc,1,0.48195,
memgq_lattice_sticky,low,maximum_probability,balanced_accuracy,1,0.4599999999999999,
memgq_lattice_sticky,low,maximum_probability,tpr_at_5_fpr,1,0.12,
memgq_lattice_sticky,low,maximum_probability,tpr_at_10_fpr,1,0.15,
memgq_lattice_sticky,low,nearby_query_logistic_q32,auc,1,0.5112,
memgq_lattice_sticky,low,nearby_query_logistic_q32,balanced_accuracy,1,0.515,
memgq_lattice_sticky,low,nearby_query_logistic_q32,tpr_at_5_fpr,1,0.08,
memgq_lattice_sticky,low,nearby_query_logistic_q32,tpr_at_10_fpr,1,0.15,
memguard,high,confidence,auc,1,0.5710000000000002,
memguard,high,confidence,balanced_accuracy,1,0.6,
memguard,high,confidence,tpr_at_5_fpr,1,0.04,
memguard,high,confidence,tpr_at_10_fpr,1,0.08,
memguard,high,correctness,auc,1,0.54,
memguard,high,correctness,balanced_accuracy,1,0.54,
memguard,high,correctness,tpr_at_5_fpr,1,0.0,
memguard,high,correctness,tpr_at_10_fpr,1,0.0,
memguard,high,entropy,auc,1,0.4501,
memguard,high,entropy,balanced_accuracy,1,0.525,
memguard,high,entropy,tpr_at_5_fpr,1,0.08,
memguard,high,entropy,tpr_at_10_fpr,1,0.14,
memguard,high,learned_pv_stats_logistic,auc,1,0.5732999999999999,
memguard,high,learned_pv_stats_logistic,balanced_accuracy,1,0.6,
memguard,high,learned_pv_stats_logistic,tpr_at_5_fpr,1,0.04,
memguard,high,learned_pv_stats_logistic,tpr_at_10_fpr,1,0.08,
memguard,high,loss,auc,1,0.5710000000000002,
memguard,high,loss,balanced_accuracy,1,0.6,
memguard,high,loss,tpr_at_5_fpr,1,0.04,
memguard,high,loss,tpr_at_10_fpr,1,0.08,
memguard,high,margin,auc,1,0.4501,
memguard,high,margin,balanced_accuracy,1,0.525,
memguard,high,margin,tpr_at_5_fpr,1,0.08,
memguard,high,margin,tpr_at_10_fpr,1,0.14,
memguard,high,maximum_probability,auc,1,0.4501,
memguard,high,maximum_probability,balanced_accuracy,1,0.525,
memguard,high,maximum_probability,tpr_at_5_fpr,1,0.08,
memguard,high,maximum_probability,tpr_at_10_fpr,1,0.14,
memguard,low,confidence,auc,1,0.4265,
memguard,low,confidence,balanced_accuracy,1,0.4499999999999999,
memguard,low,confidence,tpr_at_5_fpr,1,0.05,
memguard,low,confidence,tpr_at_10_fpr,1,0.09,
memguard,low,correctness,auc,1,0.525,
memguard,low,correctness,balanced_accuracy,1,0.525,
memguard,low,correctness,tpr_at_5_fpr,1,0.0,
memguard,low,correctness,tpr_at_10_fpr,1,0.0,
memguard,low,entropy,auc,1,0.4221,
memguard,low,entropy,balanced_accuracy,1,0.46,
memguard,low,entropy,tpr_at_5_fpr,1,0.05,
memguard,low,entropy,tpr_at_10_fpr,1,0.07,
memguard,low,learned_pv_stats_logistic,auc,1,0.4293,
memguard,low,learned_pv_stats_logistic,balanced_accuracy,1,0.4599999999999999,
memguard,low,learned_pv_stats_logistic,tpr_at_5_fpr,1,0.05,
memguard,low,learned_pv_stats_logistic,tpr_at_10_fpr,1,0.08,
memguard,low,loss,auc,1,0.4265,
memguard,low,loss,balanced_accuracy,1,0.4499999999999999,
memguard,low,loss,tpr_at_5_fpr,1,0.05,
memguard,low,loss,tpr_at_10_fpr,1,0.09,
memguard,low,margin,auc,1,0.4221,
memguard,low,margin,balanced_accuracy,1,0.46,
memguard,low,margin,tpr_at_5_fpr,1,0.05,
memguard,low,margin,tpr_at_10_fpr,1,0.07,
memguard,low,maximum_probability,auc,1,0.4221,
memguard,low,maximum_probability,balanced_accuracy,1,0.46,
memguard,low,maximum_probability,tpr_at_5_fpr,1,0.05,
memguard,low,maximum_probability,tpr_at_10_fpr,1,0.07,
none,high,confidence,auc,1,0.6076999999999999,
none,high,confidence,balanced_accuracy,1,0.545,
none,high,confidence,tpr_at_5_fpr,1,0.11,
none,high,confidence,tpr_at_10_fpr,1,0.19,
none,high,correctness,auc,1,0.54,
none,high,correctness,balanced_accuracy,1,0.54,
none,high,correctness,tpr_at_5_fpr,1,0.0,
none,high,correctness,tpr_at_10_fpr,1,0.0,
none,high,entropy,auc,1,0.6020000000000001,
none,high,entropy,balanced_accuracy,1,0.54,
none,high,entropy,tpr_at_5_fpr,1,0.11,
none,high,entropy,tpr_at_10_fpr,1,0.19,
none,high,global_true_class_log_odds,auc,1,0.5986999999999999,
none,high,global_true_class_log_odds,balanced_accuracy,1,0.6,
none,high,global_true_class_log_odds,tpr_at_5_fpr,1,0.07,
none,high,global_true_class_log_odds,tpr_at_10_fpr,1,0.11,
none,high,label_only_hsj,auc,1,0.6425,
none,high,label_only_hsj,balanced_accuracy,1,0.575,
none,high,label_only_hsj,tpr_at_5_fpr,1,0.05,
none,high,label_only_hsj,tpr_at_10_fpr,1,0.05,
none,high,learned_pv_stats_logistic,auc,1,0.6114999999999999,
none,high,learned_pv_stats_logistic,balanced_accuracy,1,0.545,
none,high,learned_pv_stats_logistic,tpr_at_5_fpr,1,0.11,
none,high,learned_pv_stats_logistic,tpr_at_10_fpr,1,0.19,
none,high,lira_offline,auc,1,0.4723,
none,high,lira_offline,balanced_accuracy,1,0.46499999999999997,
none,high,lira_offline,tpr_at_5_fpr,1,0.07,
none,high,lira_offline,tpr_at_10_fpr,1,0.15,
none,high,lira_offline_fixed_variance,auc,1,0.4751,
none,high,lira_offline_fixed_variance,balanced_accuracy,1,0.47,
none,high,lira_offline_fixed_variance,tpr_at_5_fpr,1,0.11,
none,high,lira_offline_fixed_variance,tpr_at_10_fpr,1,0.13,
none,high,lira_online,auc,1,0.5557,
none,high,lira_online,balanced_accuracy,1,0.525,
none,high,lira_online,tpr_at_5_fpr,1,0.06,
none,high,lira_online,tpr_at_10_fpr,1,0.15,
none,high,lira_online_fixed_variance,auc,1,0.5670000000000001,
none,high,lira_online_fixed_variance,balanced_accuracy,1,0.55,
none,high,lira_online_fixed_variance,tpr_at_5_fpr,1,0.1,
none,high,lira_online_fixed_variance,tpr_at_10_fpr,1,0.16,
none,high,loss,auc,1,0.6076999999999999,
none,high,loss,balanced_accuracy,1,0.545,
none,high,loss,tpr_at_5_fpr,1,0.11,
none,high,loss,tpr_at_10_fpr,1,0.19,
none,high,margin,auc,1,0.6020000000000001,
none,high,margin,balanced_accuracy,1,0.54,
none,high,margin,tpr_at_5_fpr,1,0.11,
none,high,margin,tpr_at_10_fpr,1,0.19,
none,high,maximum_probability,auc,1,0.6020000000000001,
none,high,maximum_probability,balanced_accuracy,1,0.54,
none,high,maximum_probability,tpr_at_5_fpr,1,0.11,
none,high,maximum_probability,tpr_at_10_fpr,1,0.19,
none,low,confidence,auc,1,0.5538000000000001,
none,low,confidence,balanced_accuracy,1,0.555,
none,low,confidence,tpr_at_5_fpr,1,0.07,
none,low,confidence,tpr_at_10_fpr,1,0.1,
none,low,correctness,auc,1,0.525,
none,low,correctness,balanced_accuracy,1,0.525,
none,low,correctness,tpr_at_5_fpr,1,0.0,
none,low,correctness,tpr_at_10_fpr,1,0.0,
none,low,entropy,auc,1,0.4245,
none,low,entropy,balanced_accuracy,1,0.42,
none,low,entropy,tpr_at_5_fpr,1,0.03,
none,low,entropy,tpr_at_10_fpr,1,0.06,
none,low,global_true_class_log_odds,auc,1,0.552,
none,low,global_true_class_log_odds,balanced_accuracy,1,0.51,
none,low,global_true_class_log_odds,tpr_at_5_fpr,1,0.07,
none,low,global_true_class_log_odds,tpr_at_10_fpr,1,0.12,
none,low,label_only_hsj,auc,1,0.38250000000000006,
none,low,label_only_hsj,balanced_accuracy,1,0.35000000000000003,
none,low,label_only_hsj,tpr_at_5_fpr,1,0.0,
none,low,label_only_hsj,tpr_at_10_fpr,1,0.0,
none,low,learned_pv_stats_logistic,auc,1,0.5067,
none,low,learned_pv_stats_logistic,balanced_accuracy,1,0.515,
none,low,learned_pv_stats_logistic,tpr_at_5_fpr,1,0.01,
none,low,learned_pv_stats_logistic,tpr_at_10_fpr,1,0.07,
none,low,lira_offline,auc,1,0.4831,
none,low,lira_offline,balanced_accuracy,1,0.525,
none,low,lira_offline,tpr_at_5_fpr,1,0.09,
none,low,lira_offline,tpr_at_10_fpr,1,0.16,
none,low,lira_offline_fixed_variance,auc,1,0.4815,
none,low,lira_offline_fixed_variance,balanced_accuracy,1,0.515,
none,low,lira_offline_fixed_variance,tpr_at_5_fpr,1,0.08,
none,low,lira_offline_fixed_variance,tpr_at_10_fpr,1,0.13,
none,low,lira_online,auc,1,0.5541,
none,low,lira_online,balanced_accuracy,1,0.51,
none,low,lira_online,tpr_at_5_fpr,1,0.14,
none,low,lira_online,tpr_at_10_fpr,1,0.17,
none,low,lira_online_fixed_variance,auc,1,0.4237,
none,low,lira_online_fixed_variance,balanced_accuracy,1,0.41500000000000004,
none,low,lira_online_fixed_variance,tpr_at_5_fpr,1,0.05,
none,low,lira_online_fixed_variance,tpr_at_10_fpr,1,0.1,
none,low,loss,auc,1,0.5538000000000001,
none,low,loss,balanced_accuracy,1,0.555,
none,low,loss,tpr_at_5_fpr,1,0.07,
none,low,loss,tpr_at_10_fpr,1,0.1,
none,low,margin,auc,1,0.4245,
none,low,margin,balanced_accuracy,1,0.42,
none,low,margin,tpr_at_5_fpr,1,0.03,
none,low,margin,tpr_at_10_fpr,1,0.06,
none,low,maximum_probability,auc,1,0.4245,
none,low,maximum_probability,balanced_accuracy,1,0.42,
none,low,maximum_probability,tpr_at_5_fpr,1,0.03,
none,low,maximum_probability,tpr_at_10_fpr,1,0.06,
