sample_id,membership,true_label,partition,lira_online,lira_online_fixed_variance,lira_offline,lira_offline_fixed_variance,global_true_class_log_odds
b09e8af7603c1f11,1,0,attack_calibration,2.0532159458814525,9.98165075062996,3.548692282250351,11.546638596769917,2.0167239681221174
03c1060e9a802b65,1,0,attack_calibration,-7.212381909178253,0.09912156922789839,2.391603382679163,1.3437099706654516,2.036048085591802
a02b0d8b050b25cb,1,0,attack_calibration,0.4712531438991756,0.22817711335214447,0.6500438684279684,0.6562892419089572,1.20362908223956
dc30fe571f8ae8a9,1,0,attack_calibration,-0.598648776154945,0.0925666658075372,-0.4450625717815142,0.5370760598928551,1.3248296188365756
72b11186b6bb95c0,1,1,attack_calibration,0.1851351461607358,0.15531566418957166,-0.17937517847125162,0.5621555122251929,-1.5408877142445268
b1865a02a973295e,1,0,attack_calibration,0.020525165979318194,0.1440761609879757,-0.15822969319340796,0.5467761750762932,1.597302384434688
39d1ed28e7c94ab5,1,1,attack_calibration,-1.1123251973303623,-0.052166785843123176,0.03450101441884512,0.5352372867947924,-1.3800597179312848
e0edf5eaa107cf1b,1,1,attack_calibration,-1.5390213638022179,0.09827095810093223,-0.1805141564230055,0.550793438090768,-1.43972748622215
1140759c0aaa1cc8,1,0,attack_calibration,-0.3093531173830717,0.13516201449197363,-0.35304100075311995,0.5357873836213394,1.5323244254025816
5b4b96e7751eac08,1,0,attack_calibration,2.293573602020064,0.6241881389880282,2.7684006380819643,1.2289486678979347,1.728300792366415
7d3c8763b109520c,1,0,attack_calibration,0.9700935052453235,0.02863082798516836,1.183317565263585,0.5533578457117565,1.2925825146535097
ac1f42a14a901f9c,1,0,attack_calibration,0.18581482632207158,0.14310213945313244,-0.0577270163968131,0.5446306410891689,1.3239234424701565
52597b1d14283ba1,1,0,attack_calibration,-0.6002905143123387,0.07205363084027738,-0.7726894677548513,0.520121189730388,1.3861279234598345
858f6c6d8fc9a1b6,1,0,attack_calibration,0.5184089267109719,0.15141526755987078,0.13691631853717867,0.5569967903879567,1.252782012280114
dfb6d90480b94a23,1,0,attack_calibration,0.338649024465378,0.17767688622466538,0.4626718706857404,0.6612250782972722,1.4739308761909713
6a7254c52e6619f1,1,1,attack_calibration,-0.7902518546428482,0.09786515886007552,-0.4578261879309504,0.51731415492988,-1.2694929409408318
9e05090c720d8825,1,0,attack_calibration,-6.250284403394018,0.6767931487133443,2.4430389183734773,1.9759332085734709,2.185180738219668
b0622f8c7424bf9d,1,1,attack_calibration,0.7001101035662154,0.12985139777675014,0.37757671681951455,0.5612909401758894,-1.1140848630063052
5670de8d399d32e2,1,1,attack_calibration,-0.8177951927329485,0.12317337407491491,0.5211755627849262,0.6701607885380954,-1.741876208456647
b99e22eada26087a,1,0,attack_calibration,-0.9797250117337497,-0.45069237071347834,0.6252704386823438,0.7165716896635969,2.0365337134622457
4c491f2444a650ee,1,1,attack_calibration,75.64076158209052,7.264215688108017,77.4655575651505,10.48346842426036,-1.5228602775157147
9c60ff9e15e241f7,1,0,attack_calibration,0.6196394397514419,0.23588162814167224,0.31088957079079427,0.6368774741207915,1.5405870271524806
2feb011e180acd56,1,0,attack_calibration,-3.284801549622408,-9.228973086089773,-0.23728940618873784,0.5198967150697955,1.2240478633224832
51df1712c466494d,1,0,attack_calibration,-0.01920542176982698,0.08391816068201385,0.2697889478161136,0.6230186195937863,1.0468312539218827
bade72579f6b984f,1,0,attack_calibration,-0.013373232170921678,-1.0418732564229902,2.1428463974631633,5.1582961312235796,1.8430707037633451
35a190a464e0f68d,1,1,attack_calibration,-2.011717852370705,-1.6551941322188386,-0.2960336633094791,0.5166489991567749,-1.1881420538120828
3f8ab195fdc48d7d,1,0,attack_calibration,0.7950861031746781,-0.08687324263102925,1.2684627997376547,0.5171847549213613,1.6021551304897004
8f3aad35c5074e8a,1,0,attack_calibration,-0.3272848486509562,0.1129857476236159,-0.26154061666221273,0.5167831247079129,1.63115884916777
2a7e625e86d80dfb,1,0,attack_calibration,-0.7442757205690023,-0.005519569244368805,-0.47357254329534126,0.5333435562275386,1.7074948006081028
b4d5f1dcbb72211a,1,0,attack_calibration,-0.210077092420492,0.053885067388981356,0.023095347654972453,0.5842158011065454,1.3276161400939335
672db842efdd12c8,1,0,attack_calibration,-0.1267924525856592,0.12540033061143252,-0.07106787195422826,0.5299295907252493,1.505161161052601
5d91ec8a192cb46e,1,1,attack_calibration,0.0820288625506016,0.17673912783202866,0.27774023989063334,0.627954376847075,-1.7216507856853605
9713efc890d9be81,1,0,attack_calibration,0.17093483482892013,0.14944127635339532,-0.11484055092977874,0.5499919896782534,1.6430881159181958
ba29367dcb5350a7,1,0,attack_calibration,0.5974896798116955,0.13851788793987768,0.5683632068091613,0.5862229619354491,1.550674121114867
61c2c70449c97c00,1,0,attack_calibration,-0.05136490687420392,-0.24574043700418202,1.4366242780924514,0.538494256891316,1.6467412447334144
4d38e4d7f5ad03e2,1,0,attack_calibration,3.4166164052687913,0.19863981840331457,3.9021534115398424,0.6569780482773352,1.1169568652381936
8e7f84a9b2e3a004,1,0,attack_calibration,0.3887448677585714,0.11664817117001547,-0.17263250277482767,0.5169755408182837,1.2978337896916885
e2a5a8a88a4988ec,1,1,attack_calibration,-1.588049286046521,-7.29121484736378,1.1994880985666447,0.5179516160711064,1.1426040894353195
f799ac2bdcd174e3,1,0,attack_calibration,-0.3943574158933618,0.04261249231048503,-0.3569250743331607,0.5172764719344527,1.4192342249334908
3b76326cf56ba5ce,1,0,attack_calibration,-0.9047029726431219,0.006500692455377877,-0.358301035573674,0.5347883874250206,1.8487390239658232
fed0ee78ca9710fe,1,0,attack_calibration,0.09412612447985924,0.14196084597373038,-0.2767399471375416,0.5426154505537251,1.4126955522755624
e913dc0492a3eb55,1,0,attack_calibration,0.1140175261484957,0.16137038605127274,0.09436002274106059,0.5712649849082887,1.2781668534737503
9a7292eef1816cb7,1,0,attack_calibration,0.648888674583151,0.15170122913732453,-0.09385078189170093,0.5565756096946567,1.1604132288399147
21891c44988bbd24,1,1,attack_calibration,-15.485852321916845,0.1711843408640189,5.421175010345454,0.8267808792754471,-1.8441701221377782
9da62d4c05866725,1,0,attack_calibration,0.17160575463374395,0.12675764654699095,0.04765143601035926,0.5416113947670593,1.4572090177633803
1566b2e319ad1df1,1,0,attack_calibration,0.6297829879775197,0.11235622604920892,0.1454764972803001,0.5211067052375994,1.4445315328709567
19881e95b34eb1cd,1,0,attack_calibration,0.8436551822742141,0.16199702201789157,0.19527065705793134,0.5749602621116388,1.4400680088734819
2d4cb28c9ebe3db9,1,0,attack_calibration,0.2280662757709091,0.0203454288256677,0.9283381019937837,0.7540310807939377,1.8344297779784051
0fe71a763488f4d7,1,0,attack_calibration,0.43441874607903075,0.23895574854684365,0.6392689734071617,0.7515713684483323,1.599970504397046
27770fadebe20400,1,0,attack_calibration,1.5160987814690645,0.1347852898042181,0.19172539256818943,0.5391072602471835,1.5803930091773637
9964a2a4c8965e13,0,0,attack_calibration,-1.321327976104547,0.0869926088234102,-0.1227232667296061,0.5166862893468044,1.3145134161893708
f8f310c1ed25b8d5,0,0,attack_calibration,0.6554547471055763,0.1200911454186534,0.3602910219298794,0.5659985901337597,1.2647758324516702
31f1da524e46508e,0,0,attack_calibration,1.5338416513757913,0.39526419439480454,1.9866901372265564,0.9813451992993734,1.75008734251394
7088db983d09062c,0,0,attack_calibration,4.752577620724812,0.217091122952484,5.133332823741956,0.7153657052100597,1.6227308380408123
8fdcc291306156e7,0,1,attack_calibration,-3.057591428321702,5.281436623540407,2.312735261980153,6.262879952301137,-2.1294764638119412
abeb079e4753abba,0,0,attack_calibration,0.654031472809305,0.1829578937395131,0.10580737874053725,0.5852504233117231,1.227667899265753
1ea847ad5609827f,0,1,attack_calibration,1.138692723088925,6.2709409515107915,2.831704176175485,9.026622263810557,1.375040340698027
7a675a3ccbd13374,0,1,attack_calibration,-43.062554548430214,-12.304335997536649,-0.12505035308380386,0.5606106038926941,-1.4558401171967643
c86ae8cf6531410f,0,0,attack_calibration,1.2509064278351456,0.31126019639870545,1.3523980948627377,0.7690757769285588,1.5845342950513766
27d22e9756bb165e,0,0,attack_calibration,-1.224339079279607,0.5016518335883249,2.775237144634139,1.2960197006156784,1.949272409682382
a81ee939486eda89,0,0,attack_calibration,-2.445958286991405,-0.0996848349095808,0.0023871936204102884,0.562398090383685,1.6540994938440041
aac07474e0418182,0,0,attack_calibration,-0.9043666802725268,-0.20880201229868045,0.013581561551331278,0.5593443120286037,1.1301564988938395
c6a5ee1e3ffe1d26,0,0,attack_calibration,-0.35353644164203146,0.0847020858321198,-0.621907729467901,0.5167233168248091,1.3363388609645135
5b0e1bf322ec2d4b,0,0,attack_calibration,-0.8458000522618087,0.05252913782240298,-0.42874683201346864,0.5207191317176203,1.5256176834428634
736746d1eaf0d660,0,0,attack_calibration,-0.5712184409903167,0.07937739075297223,-0.3568058731976569,0.5168641797807713,1.5108746934167765
18d091f1d9415c81,0,1,attack_calibration,-2.204494851990908,-5.867657504276409,0.4019392879435467,0.6439748687091378,-1.17395638436909
a5f9762b91a72811,0,0,attack_calibration,-155.6014668703605,-10.196486350156446,2.6187803516999155,5.9813425993525104,-2.158043469276524
7102398c80714c64,0,1,attack_calibration,0.6622085173918939,3.3048772378054636,2.0010170888181786,4.097366671453683,-1.5831567921951317
ab43a5c1d465757c,0,1,attack_calibration,-1.4411541412156281,0.0014686916528925398,2.3296266395469925,1.3855625622642997,-2.15782836199508
53e392a96564edd0,0,0,attack_calibration,-2.255425141712264,-0.30225587312128455,0.1265159030104377,0.5974955743397385,2.036606690055856
c008f3c5ea93b504,0,1,attack_calibration,0.14919601408757832,0.10020047121090087,-0.19644578148031977,0.5237848849284347,-1.3544838680347266
1138f8a4999f914a,0,0,attack_calibration,-0.8126255138999533,-0.03440464606643967,-0.4126848998526209,0.5348711947774263,1.3670165791130324
f41735759d0d74a4,0,0,attack_calibration,-1.8194940584353518,-0.3460583696909947,0.2836493441896465,0.6244733155444662,1.6948340351324143
74ce60fe479848ce,0,0,attack_calibration,-1.1475563604308152,0.06917695148378472,-0.599763746848464,0.5213358243721266,1.3703530678939402
9ed03de75b23b553,0,0,attack_calibration,-6.069681277715753,-0.5474180199912535,0.5745807676533273,0.6996601101899045,1.8298195736617286
9a7c0b1f1dadec77,0,1,attack_calibration,-109.46208029298649,-6.852793828214242,0.562546852437815,0.6185486012387894,-0.9973994944738878
fd4cc29e4323d8a1,0,0,attack_calibration,0.25745398922761864,0.14001573893481012,1.0757025370202546,0.7998365992722194,1.9968503142826826
7ae42ad312941cc3,0,0,attack_calibration,-0.35182398486806377,0.07400615902743246,-0.37330691607654787,0.5459956059182938,1.2688806645843136
bfebf9db0fb5990c,0,0,attack_calibration,0.35332873159065614,0.07880995409148733,0.032943538301936526,0.51935170512486,1.151493938999394
708f99a22585c704,0,0,attack_calibration,-0.29615083172998213,0.10560490254472887,-0.4480899619559984,0.5287876811280992,1.359868957364865
3df58addb45f1475,0,0,attack_calibration,0.4239878382416856,0.1658423105644123,0.32365161381082463,0.6214027823477657,1.3845887529026721
5a58c1950f08a0de,0,1,attack_calibration,1.1740277957528649,0.14153209739333444,1.1698822322851525,0.5921724026035438,-1.503628367252516
4120f04a6691a248,0,0,attack_calibration,-0.09578842722370096,0.14258580733443904,0.06603133477194834,0.5767889354231205,1.517881923550371
6db101d4a56e7356,0,0,attack_calibration,-0.4040897301371231,-0.23862334088516768,5.424999324341618,1.412930778804733,2.175062581092074
a67666325546aa73,0,0,attack_calibration,-0.17835378773974786,0.07824848278740343,-0.2936038527306477,0.5277706312009863,1.3977431945605436
6028a9a9657aa4f3,0,0,attack_calibration,0.7740296844836723,0.24019462834979444,0.8828021316953596,0.7244573243713337,1.7668263873460195
5424518a2809ab58,0,0,attack_calibration,-0.3931809989035956,0.039192275119208086,-0.33540407898116387,0.5216544535313231,1.2465525650326077
f817349a016c7365,0,1,attack_calibration,-1.6557746640572162,0.07018319158148101,-0.2800521783191028,0.5431357419788361,-1.3119423336895486
efd29fc421f1ef1e,0,0,attack_calibration,-0.03167287317319856,0.12164688473664642,-0.09512559255588093,0.522592731205608,1.4975351286395453
bb9a2bdd0ce9bf5e,0,0,attack_calibration,-0.9997039448781755,-5.953550815663931,1.3279768617575205,0.8463156191164445,-2.013699992827726
13d0850f29c3ebee,0,0,attack_calibration,-7.426335435477597,-4.409070446233841,2.3946647456649455,6.154642343632645,-1.2994868962752928
aa516a5f3f2739d7,0,0,attack_calibration,-0.24773446096756513,0.08937181347987683,-0.33090728540517467,0.5234772654185866,1.2313257870579766
f86f073a4b8332c1,0,0,attack_calibration,3.583224505198375,0.06671690022220444,5.292803361836082,1.0032711834469992,2.039299177678293
de502e80d2afdfdf,0,1,attack_calibration,4.289705174189217,0.6033208701309319,5.613195816365005,1.0151528642627987,-1.1430138939714236
7e1d0078e25b1a4f,0,0,attack_calibration,0.0781841130432468,0.10595105363899904,-0.02337415142408439,0.5172357607359653,1.292119173599752
56b275435261e43b,0,0,attack_calibration,0.7180694272359781,0.26826728745506667,1.1707821718350302,0.8691336421718208,1.9026082919949987
407c41385b10d9ea,0,0,attack_calibration,-13.087618416916753,-0.35410218756063616,0.3672911855027877,0.6524787207547854,2.01211663614187
f18d787442b20121,0,0,attack_calibration,5.395400577433584,-0.5588566678076369,7.582840784982265,0.740061923901972,0.8164276866192224
251682235479777b,0,0,attack_calibration,-0.06577176036574595,0.0615911089982395,0.18513261983916118,0.5970083941009603,0.981123277537763
04f727d50fd7a5db,0,0,attack_calibration,1.2829472981307881,5.9522249978414905,2.838889511512173,6.5354417873129425,1.3995484317431661
0c17bada10c374b2,1,0,final_evaluation,0.15707151767716832,0.011555274290558248,0.7736447856440853,0.6268896678006398,1.0219497759804588
b9405c8d1f87a506,1,0,final_evaluation,1.673814093952372,0.2608021230285023,1.4846030138269564,0.7159268668530756,1.3810745381175376
a2a104b7b4ac4791,1,0,final_evaluation,-2.228705547105919,0.00048120631513481893,-1.8705733484225755,0.5168290725296162,1.6511019148952326
e56fbf7241b033f3,1,0,final_evaluation,0.9870200707297193,0.20841775082241076,0.2960770482277949,0.6194654108152552,1.2276315069887307
41808fc118a72f76,1,0,final_evaluation,0.9768733831617187,-0.001359648525350754,1.3857532218076334,0.5783727206502962,1.7344726891126676
a9d922509b7a8413,1,1,final_evaluation,0.9707737906074246,0.342567164177572,0.8377398183245138,0.7808962503734211,-1.235893623911741
dde602833959c8ac,1,0,final_evaluation,1.1371471512831324,0.23479719701377522,1.7525097256868278,0.807873380290467,1.706568893572418
4809f8a420ca020d,1,1,final_evaluation,0.5438783829565813,0.09629883228678277,0.5928441377491054,0.516879451629354,-1.4559250501934269
f3c00fe8cc417a64,1,1,final_evaluation,0.9869060911803457,0.1490552755180985,1.2648742605523298,0.5844009135760126,1.5202204843533742
9b7f2c9fa2675054,1,0,final_evaluation,-0.3116047332370788,0.0031749983828344153,0.12162129457610815,0.5983076156161953,1.640468100327351
af6919b86ab389df,1,0,final_evaluation,1.3341205282345436,0.11546151517144776,1.3799062646246445,0.5189489852320597,1.2639174791038397
62a840c999dd4372,1,0,final_evaluation,0.14120010808120176,0.12421817639794697,0.08963315510020298,0.5872445902438075,1.5734020109811613
3545831cbc89e5bc,1,0,final_evaluation,2.135413828791565,3.01573091268719,1.8962740971250664,3.41616339478186,1.4657882377703857
0376518114d577e0,1,0,final_evaluation,-7.734199388129962,-0.039177176978944184,2.7863721791274116,0.9353504392639449,1.846050504286194
3b47b69611ef0ba4,1,0,final_evaluation,-0.4457735596948421,-0.15747084793480282,0.39390729026787796,0.6472460308390509,0.876733233464265
e6ddfff6e133794b,1,1,final_evaluation,0.005213942130423255,0.13871739743068917,0.10435874663985067,0.5784334328421042,-1.4272614130709977
3b1d7b2b92a50e2e,1,0,final_evaluation,1.2453247827955714,0.22842467054274307,0.9262899819822896,0.6712558353303458,1.6034792278533403
1ccdd8ba0313e047,1,0,final_evaluation,-1.596788711911106,-2.5178778639909876,0.14577924983811652,0.5773549927980974,1.1253544684956613
33ab982a9e654d23,1,0,final_evaluation,-0.7096133792925214,-0.08519290280309577,-0.1855940236686071,0.5489716646542901,1.777306585312715
bb6dba871c3dedef,1,1,final_evaluation,-1.7965330756505429,0.09596122536330465,-0.4001721292250593,0.5166427764370085,-1.4176070776878056
ef1097acfa368dd6,1,0,final_evaluation,1.3922601192867528,0.4829890763334699,2.476828358245528,1.1542117850998546,0.9150857833687273
7ff493fd3d2a80eb,1,0,final_evaluation,3.275855662743238,0.3011835697963318,2.947891391681749,0.7247501719152274,1.5432168416555425
3cccd2f4e3c4a2d5,1,0,final_evaluation,-19.03517804870734,-0.23651560349260026,2.3069251229041425,0.9748353302258209,1.9764839742566696
c9bb7f400bccc45a,1,0,final_evaluation,-0.8241430893406656,0.1159476547886722,-0.7923213431270568,0.5281544240322557,1.2713310338942936
bde01721d960bb00,1,0,final_evaluation,-0.06952361298440424,0.0934948393372691,0.6188648933139561,0.713556214405228,1.0563051979523954
91b62d21fcedbbba,1,0,final_evaluation,-10.064972378013032,-0.3307478651568616,-0.28088138619688063,0.5537732212493616,1.716517576702563
9565edfe40e7a8f3,1,0,final_evaluation,0.1752690366889702,-0.20537450859452377,2.3856852488778126,0.9115108632494371,1.9534984418143557
b028179ee9ab7f12,1,0,final_evaluation,-2.981142079212524,-0.05243434828963889,-0.016221698738259738,0.5619507353600225,1.4727032551804764
434b4ec2287a921d,1,0,final_evaluation,0.13889031675304553,0.07092120084466202,0.7498801999136392,0.7391252972424054,1.0140871366037207
4b68ef1232dc5323,1,0,final_evaluation,0.5106043714279066,0.1442070142657439,0.14062349368021565,0.5687910539623536,1.4592877833044795
3f91e52a26b8ed09,1,0,final_evaluation,-0.9134648759249034,-0.13493253205990097,-0.17467111613685393,0.5614641314790995,1.446538346064096
a234d5cee77b3715,1,0,final_evaluation,-7.930120136190732,-0.10778002281712451,-0.9263847151604345,0.5167161430606573,1.600811715774964
0fc870a09e8ba009,1,1,final_evaluation,1.9664705205925288,0.3266999185394951,1.197422317602286,0.7437147102416466,-1.5312327191070891
168e4581f17d85ac,1,0,final_evaluation,-6.998932467698,0.33136431320680604,1.6686860813235949,2.186985730537367,2.4751667153768353
3349e4bf3ceeca93,1,1,final_evaluation,0.08046246125212209,-0.008592626352914468,1.210905958278674,0.516780657202431,-1.118131893642794
1fd359a6553ad348,1,0,final_evaluation,0.058668176092823265,0.06303806820385949,-0.054031048245001156,0.5238044672861097,1.2107220954512061
a5e534264874bb62,1,0,final_evaluation,-0.8299144874428912,0.02392671139997582,-0.28650768067525423,0.516840903977466,1.5151687151037265
08d6a3206d717060,1,0,final_evaluation,-2.3967291341254433,-14.946719343064155,2.107362716978035,1.3386822902202744,2.1865655195150175
afd8a19eb18e0c99,1,1,final_evaluation,0.7050769055055466,-0.03195314187123355,1.3141329409934264,0.558724770856775,1.6168939469387986
29c929da5da245d4,1,0,final_evaluation,1.660818464032701,0.19006328280895513,1.006692079362698,0.5994016031378653,1.7197465840015922
ec47a3561462471e,1,0,final_evaluation,2.16157426617524,1.0964522596090993,1.6717724569270636,1.5277542707762344,1.0621015055600163
203d0b40c4abb39b,1,1,final_evaluation,-0.5231436480417255,-3.0964056187984395,1.3126076521941945,0.5508332576433465,-1.5000457260122362
24a1965d880b0645,1,0,final_evaluation,0.02903533062051955,-0.13034615763689217,0.6710549897026676,0.5482902171261539,1.3304933232069558
9e0de2dc02314923,1,0,final_evaluation,0.4900908016920953,0.12952281139803323,-0.24215195080292085,0.5298587207479247,1.4372082629191545
e640d21132e1fe4f,1,0,final_evaluation,-0.8141696838392556,-15.167645754347024,3.320637499527041,1.3151009548667432,-1.9901667659198845
dc2fa2054c18c3f8,1,0,final_evaluation,-2.684917357484164,0.21559108220429168,0.9490628428752621,0.8330397744590488,1.9236787729454474
bf636caad0db7792,1,0,final_evaluation,-1.0381392072131377,0.05468576124724278,-0.28454629661243347,0.5372706229086147,1.5194300543683166
0e5c657f17153f57,1,0,final_evaluation,0.7376625808192081,-0.06031202136863323,2.5194856349820407,0.7468323877937411,1.0092069342952659
1185be90f7997513,1,1,final_evaluation,1.2530480929046672,4.519568682359722,3.143289073682482,8.537666898881454,1.5082326507205797
80551c13df4cf732,1,0,final_evaluation,0.26373755324252446,0.22295528846380008,0.2703537056268589,0.6282718005902997,1.2749184782840517
2b0c929bd4a3693b,1,0,final_evaluation,-4.334310100008402,0.030927947587608307,1.2000491042486168,0.7335358228587507,1.7087463381723966
470d6a14daf8d150,1,0,final_evaluation,-0.03530679768679912,0.17768924199259073,1.2422498060282527,0.7180877034873119,0.9161649396620709
db0e5a7c305974df,1,0,final_evaluation,-0.0920506480363279,0.11775210838129002,-0.5846341068752094,0.5191927714055268,1.3367020207711366
6ee309b45f68b247,1,0,final_evaluation,-0.2826777956106449,-0.03463010173501768,0.2477265686356822,0.602348470740032,1.8799998585475908
22738cb5eb70a549,1,1,final_evaluation,1.3366414701319091,5.555483800815204,3.10401651502631,8.20757961609049,1.5606071202908123
02bf12d00ec5146b,1,1,final_evaluation,-21.83576717034605,-8.950061639935857,0.3966549173257137,0.5910313312794573,-1.0363235855931034
2611d9559fcc9b5f,1,0,final_evaluation,1.1050544827956057,0.1100088022469099,0.15256743077299284,0.5196167238969281,1.200848792409397
50238687ea15d0ef,1,1,final_evaluation,-0.08651530253236128,0.09676274109452926,-0.6144768749526432,0.5199494096350887,-1.320646164482476
6534b546dd128466,1,0,final_evaluation,-7.886274664758239,0.09865497417397284,2.568097718361419,0.9013973628348408,1.8494360802204755
84c2d156af854cc2,1,0,final_evaluation,-70.96751043327984,-0.41527693768093354,3.3153367037191255,1.4949502091468652,2.1447857999714044
6854f595c9c8ef1c,1,1,final_evaluation,2.6201279501923094,0.31926540287506855,2.59388548542179,0.7339907269276027,-1.6859975332693131
076f31840ad509dd,1,1,final_evaluation,-0.7258326567380942,-7.445721070632371,1.819679853969213,0.7804533659960644,-2.2656405461785467
5f5a426a430cb218,1,0,final_evaluation,0.07687380826460544,0.0542934208183774,0.22166942201987028,0.5520779765776272,1.2653866146551715
ad2f6e2ed9bf4ad7,1,0,final_evaluation,3.3573155299799144,8.343560066539077,3.5572535250852746,8.75829908349524,1.5180678769335807
eb567e99aa32d564,1,0,final_evaluation,-1.3968659484097583,-0.004818488298159451,0.19293542483688542,0.5498553526332974,1.4890220309262818
5e02ac6b8464fffc,1,0,final_evaluation,26.110234756483074,0.3018673745297604,25.640420639992627,0.7177388932068245,1.480894007135913
a8090ec830b657db,1,0,final_evaluation,-0.09109627325402747,0.2638508413828287,1.2878223314175157,0.7342538511113423,-1.0685470767367111
12f51b8df4d3d16d,1,0,final_evaluation,-0.09345508432542793,0.12483256729820735,0.30130220823633547,0.636206535920206,1.1162088062384103
51d0bc7e919b7681,1,0,final_evaluation,-0.07134237055691717,0.08809243836371539,0.23481401917147426,0.5833192873615356,1.7303506281761072
c72952f9552c3117,1,1,final_evaluation,-0.9419673218470523,-0.05141545786515811,0.21479834488633132,0.6064700283666951,-1.4966351112507008
9636b1d61f28c0a0,1,0,final_evaluation,4.939934255051387,0.16097279105766293,5.300878913690786,0.7304200388687768,1.6889112499559682
de948dffa91dcfa2,1,0,final_evaluation,0.35090745214918295,0.06592570636703943,0.4444373756336478,0.5375543631602759,1.482792740662076
e6aaa1383ef33482,1,0,final_evaluation,-0.9947861204357809,-0.18208722521766285,-0.10569383223290796,0.5621739930464369,1.0824680736885661
a5cf179c5e5cf93f,1,0,final_evaluation,29.504075337804377,0.21518810854098414,32.741405352909894,1.1836197344998793,1.939587850742178
6fcc7a1d69c1f639,1,0,final_evaluation,-0.34202111276028124,0.09006119446524824,-0.6953733365206554,0.5281921719530304,1.357312719143747
d9d7d4865a75dd06,1,0,final_evaluation,1.5362245380034563,0.1301724035006333,1.4248327057054748,0.5318200637809362,1.2606142521215689
7413a932a6453af8,1,0,final_evaluation,1.0902341011993957,0.34191151861203095,1.2836976996999656,0.8636791422880021,1.7116202164089698
e532a2bf06052190,1,0,final_evaluation,-0.09365721326797005,0.12035234018250462,-0.3364451274476208,0.5484815306568391,1.3409237973196304
2481717a8993a05e,1,1,final_evaluation,-0.16742567711519818,0.04246661035974231,-0.05331596517173387,0.533917350709556,-1.5162676874093548
870ade1a95c035a9,1,0,final_evaluation,-2.5431602860406426,-0.20789287855645688,-0.5171036900313317,0.5167110842358662,1.6454691847414549
79db2163a56138a6,1,1,final_evaluation,-0.17708871195469067,-2.1071999090022047,3.0243693691079976,9.700354077532696,1.5303241104258842
430c9863b0be2f59,1,0,final_evaluation,6.291489093177358,-0.013270857654416268,7.226517583805412,0.8701549369430923,1.8213712801360427
215ad6e2193ec241,1,0,final_evaluation,-1.1830509071741453,0.0598502153281536,0.14903639401900226,0.5999494156330668,1.5406592195341842
2511f6e0a190dee4,1,0,final_evaluation,-5.372152570942388,-0.82784861583126,0.4437919151368507,0.6664233103590044,2.061682418284741
7dc0d4e18160ee31,1,1,final_evaluation,-0.4807975315870835,0.1414137029658834,-0.44862155228137945,0.541874101475845,-1.298138636626922
f6058f75724ad096,1,0,final_evaluation,1.3355545773303092,0.0758715071504148,1.5638785343862427,0.5356730040513729,1.2160769995572076
a8fd9d71762b6a3f,1,0,final_evaluation,1.1562693405517699,0.49330782774035015,1.046971347128275,0.9550069148332909,1.0425138410683106
b1dddb0496a671a9,1,0,final_evaluation,-0.6942844299180772,0.09008096414324629,0.532572707191913,0.6977498192416831,1.104838351708076
7aceb86981626f36,1,0,final_evaluation,-0.18501029112156098,0.11284633831494623,-0.12642662245184844,0.5515980462449492,1.4716292724979878
26e697677acd026c,1,1,final_evaluation,-0.3500574884450778,-2.1335763194551483,1.3799481953239643,0.7314558104536195,-1.062686219421198
a6e6dd40246e2567,1,0,final_evaluation,-0.4951652395360109,-0.023257094197451922,-0.1636131726550687,0.5210143542140585,1.3400072760490043
195c37dc9b0208b4,1,0,final_evaluation,1.453989000962593,0.23423218912161492,0.866315698122778,0.659055083322122,1.5636740172470556
3890f9cfa46ebeef,1,0,final_evaluation,0.43378784258580727,0.2130090099042241,1.4369555774294471,0.9178003594971926,1.782237127582018
a7a9da234f1dc6e5,1,0,final_evaluation,-0.6715940922091657,-0.1507784222118751,1.8604602156686008,0.8681965717294711,1.978940490442044
f6993d1b595f5bd2,1,0,final_evaluation,0.2604681946148273,0.15627698527732692,-0.1724372529248357,0.561751016017359,1.4336904926529486
1ceffd1a830e887d,1,1,final_evaluation,0.5388721651137991,0.23560998206343764,1.2794370844897986,0.8109682739523247,-1.5873249912998308
88446751d8957f44,1,1,final_evaluation,-1.77017461935387,-9.491561585463574,1.886639434774198,3.3276766656489496,1.6838860242896767
25ce244ec7ea57b7,1,0,final_evaluation,1.3393551718376921,0.3421799453753197,2.113780347917736,1.1257498626138982,2.045092863158142
3e9a32278b1675de,1,0,final_evaluation,17.717017930092968,-3.5805146137283597,27.264978711376507,8.610406555897848,-1.3795218364385893
63b35d6a7c4cac5e,1,0,final_evaluation,1.1945133757663307,0.3626325858300782,1.3931278093137194,0.8854015026509017,1.709034249037268
a5c1bcd33ddfe62d,0,0,final_evaluation,2.0001381979832016,2.1398735861508436,1.7275525350425562,2.5562900756028353,1.454323059935658
58a2590820b39eec,0,0,final_evaluation,0.07451818952168598,0.14564817030055643,0.4738575935878855,0.6726168995610882,1.0432352132639067
3de5ea8cc0cee130,0,0,final_evaluation,-0.3989951621785677,0.8482340323051083,1.7174281249333911,1.762606168354594,2.3979267444635033
92803e1af0d04e1c,0,0,final_evaluation,0.32626997455858986,0.1872547041261844,0.19832963347709198,0.590566478316768,1.5799965041847441
7224241e1d40c0b2,0,0,final_evaluation,0.5873111721427455,0.1043853294990168,0.4918020295382415,0.5729301660787073,1.2214980188269728
bcc2569710ca1697,0,1,final_evaluation,-0.791646483591485,0.16335914963812637,0.4076555480978553,0.6613158546806708,-1.671200475222438
026bdbb5935fd9fd,0,0,final_evaluation,-0.6211993242173746,-0.0072729073478241535,0.6969732338210246,0.7758116850955314,1.7173995535083588
321bc957ec77da90,0,1,final_evaluation,-3.268706144093347,-10.57782166680759,0.020492721710737127,0.5813623134183401,-1.6918587300136303
cb873b671a51e16d,0,1,final_evaluation,1.225239674400608,0.11490153598825448,-0.07321369566287161,0.5175906945563726,-1.4204097958393442
bb52f5496e6258d1,0,0,final_evaluation,0.28068071122942384,0.1265645202927348,0.06422400730283861,0.5680985798087852,1.6172368659934573
2e1f9a40f1227690,0,0,final_evaluation,-1.0119569097449428,-0.27250269947587236,0.07646467310898952,0.5403607664109591,1.5629613401451612
5fda8d633e036acb,0,0,final_evaluation,0.37452082217408245,0.18910981188247972,0.56280314617584,0.6627512093625443,0.9816580155183843
aee20aa7a2ddc8c8,0,0,final_evaluation,0.21889699064794876,0.16182838316858006,0.6738037791548235,0.7672993166926652,1.9327626240369116
8c965e49de48a763,0,0,final_evaluation,-0.8293896750401046,0.02596968147792239,-0.5610193619245938,0.5181384574808148,1.4484056528690075
f514906bf98095e7,0,0,final_evaluation,0.3444540154146467,0.1357188831500734,-0.09011450856393388,0.570618656138806,1.5786099716674864
47fc2fccbd8c05a9,0,1,final_evaluation,-0.9994573887787875,0.06645645343373602,-0.6582577733710269,0.5303017487681763,-1.352057374761857
deba03ca02eed559,0,0,final_evaluation,0.09019214003390386,0.0534210697422961,1.346969195774222,1.0129847815169464,1.9043754997219897
8ed79a33418d04ec,0,0,final_evaluation,0.6095455166565948,0.2488858770973098,0.3823865330133225,0.6525200388727412,1.2010539516655367
28d8a7201556e915,0,0,final_evaluation,-418.40601905084367,-9.995844686871573,0.9428881274536982,0.5166539105766594,-1.1248054934514453
44f0bea4795be189,0,1,final_evaluation,1.027396576923349,4.8097842422212524,2.373767303609929,5.849174141286289,-2.0985137688861295
8a8f7714e00be64d,0,0,final_evaluation,2.898648934050186,-0.056910249903818655,3.7074921320470198,0.6732455608108286,0.8442022641694602
79ed3b7ce56f28b4,0,0,final_evaluation,-0.4317719404899264,-0.21259553493276595,0.5353596961424067,0.7075308053374314,1.867725196369883
58b313d5f4d2dd3b,0,0,final_evaluation,-4.779428796968748,0.39824958542765776,5.390638884423685,1.8050190038713279,2.1705719201212226
95e64d21b5c6d038,0,0,final_evaluation,-8.050571257996678,-0.41311446328126455,-0.7144593423715091,0.5192636676215743,1.1227443422706878
86ca296be3722733,0,0,final_evaluation,2.1112901015156407,0.11554540148789127,1.344810880517523,0.5257354140052793,1.476886308145248
b7bb46073fd87751,0,0,final_evaluation,-1.5974844699579416,-0.09646415966526911,0.9602366176680581,0.9121833976210278,0.939585369207649
96f439f18b1a2f54,0,0,final_evaluation,-14.42024659524372,-1.5534508061769199,3.67664645117956,0.8085007325221725,2.193479470080631
791168e5ec7212d7,0,0,final_evaluation,1.0492783511990187,0.23630275851793325,0.4013161793174356,0.6367965246621478,1.2042929009073244
dd1822fc7580be64,0,0,final_evaluation,-1.096718798774147,0.10515500808593681,0.06251806582268837,0.5553640077348311,1.094992554566279
764f1330c99a5e18,0,0,final_evaluation,0.6574112750429226,0.14587070482395392,0.15342304834901266,0.547026371409757,1.4993405017580073
b835ec0e51da380b,0,0,final_evaluation,1.8222482654017165,0.09592195333668452,1.370269155073003,0.5295803911104973,1.2910487375819013
e5afec5cefcfd00e,0,0,final_evaluation,0.1639534485872126,0.13160572553704836,0.2085506494097107,0.5738940987342882,1.7429294754503024
a1c2bd1d338c92d3,0,1,final_evaluation,-2.0423997847900557,-2.5862130095825964,-0.2897445752899912,0.5177055907185796,-1.3127626965173853
7d0e437fa17a860f,0,0,final_evaluation,1.024848418719515,0.2028584507544181,1.1730942441502414,0.692562056173242,1.7384322945784239
a5a6c8017f871b54,0,1,final_evaluation,-0.844071951866292,-0.061534196362766025,-0.455343354952334,0.5168780005920196,-1.2620195798007412
8b659bb21e535d76,0,0,final_evaluation,0.2408976576259032,0.15761355241398045,0.06094640704602661,0.5582714959159898,1.590290747786614
6884ba1526c4514c,0,0,final_evaluation,-2.09309605050638,0.585874627756857,1.6936638045590104,1.3581534371489608,1.027543971385734
e1d5420ffb279a78,0,0,final_evaluation,0.30649067919724926,-2.0776186145847753,3.171970583607425,6.8367477654972575,-1.3779353607467228
3b5a0320e047095a,0,1,final_evaluation,-1.8478128272613807,-4.652953006977768,0.23755312043200427,0.6137976580530045,-1.7360735346210725
6b3728326305f27f,0,0,final_evaluation,0.9821698874781633,0.28462787331001127,0.5813289130928705,0.7184086369241227,1.3759530819858634
ca651214cabbd4e4,0,0,final_evaluation,0.4726501372528085,0.08148095231237062,0.4863206477354403,0.5632422418931926,1.4809232255339986
7bdcc07fb5fe7374,0,1,final_evaluation,-0.037250138907234276,0.1361410883032852,-0.10662297007917743,0.5667978121101018,-1.4085777857606585
046beed80ff37bdf,0,0,final_evaluation,-0.25241811351902477,0.10388782231229432,-0.3076048930499249,0.549481537803409,1.4027599380103788
d0460c86d80217b1,0,0,final_evaluation,0.3652560804904974,0.12312393363624874,0.09477019369277606,0.5419810359779751,1.4129317651862516
60603a228a29f281,0,0,final_evaluation,-0.49149233907564116,0.0638841879304689,-0.24930493512384144,0.5206273556577157,1.5387648763086084
aa6b104b6f83c78c,0,0,final_evaluation,-0.13923361737761308,0.0821956983166025,-0.1512036755105639,0.5421943495028734,1.503517716114684
ea42d1222759df3b,0,0,final_evaluation,-0.6273253835348025,0.06277240281763019,-0.38226800042377906,0.5302896262111836,1.45529301909293
1a403d212ecaa397,0,0,final_evaluation,1.0066945697018135,0.18690546129678276,0.056543955159924275,0.5887682500841491,1.2233266817989932
85b80910110ca2de,0,1,final_evaluation,-32.9799381201619,-8.995208266624857,-0.3593064579317802,0.5318664461812725,-1.4018349191970876
7d459098d8b0e516,0,0,final_evaluation,1.1067916324193978,0.3412197022455097,1.213661526082162,0.7988467572584812,1.846752781672995
ac9b8bdeaafa03df,0,0,final_evaluation,3.5974480008906706,7.316703738070561,3.006338844642295,7.723380115571478,1.29820028459571
f7587e7a1f6cea63,0,0,final_evaluation,1.6043767966625877,0.31265057646983074,0.6860265600328768,0.7136356228818339,1.2704225031610432
922f63055df451ca,0,0,final_evaluation,-0.017012740784128177,0.11536294306086015,0.043870584522708866,0.5178007060620016,1.6420836816868407
cc7cf74cdbdccc16,0,0,final_evaluation,-0.3355819877328019,-2.303552945852901,1.8759458761193424,3.3050571830157787,1.6890054550051827
bd3de01e188e6a60,0,1,final_evaluation,1.196569776736692,0.16033868717958566,0.283313810898139,0.5608199015261446,-1.3569232648379705
487ef7eefc87a78d,0,1,final_evaluation,13.965276370579907,0.46738053860977347,14.171119228852085,0.9609186056183279,-1.567216205404415
a3dd42ea2b8666c2,0,0,final_evaluation,1.2203270935264965,0.14059569157746876,1.501014764913215,0.6831218808323013,1.0369368690499203
b21cccf4aa07d782,0,1,final_evaluation,2.5214236442049467,0.2771989922633735,3.723544005154293,1.0783197969766376,-1.8837040471053048
4175c59b1fee43df,0,0,final_evaluation,0.27546270612742485,0.15160572238328957,0.1988702724685003,0.6140063464486853,1.650962897422483
d848e2fecc5f25d0,0,0,final_evaluation,-0.313708462140903,0.2670079426764943,1.3269656309979956,0.9252280094971721,1.8044619308502958
135c462d2f59c010,0,1,final_evaluation,0.1923193975898767,0.11149895496915685,0.17144835635964373,0.5183382416714727,-1.5748060314294803
c8036dc3d59a84cd,0,1,final_evaluation,-87.21531572127525,-10.829150312601424,0.22572241811870164,0.5166586799019186,-1.2915668677675205
c4f98b82d2664ca0,0,0,final_evaluation,-0.00028250820047870384,-0.002611521319455079,1.3570908532389336,0.9730788310434381,1.8921867974688396
9a88c2698c8fd7bd,0,0,final_evaluation,1.111386844990772,0.353319946287994,0.7008973801083463,0.7537178577395549,1.514309451413289
2e2bfd0fd1075c8d,0,0,final_evaluation,1.3221647891825719,0.13272633251489968,1.0580215546976137,0.5806275586515899,1.146650992057542
87253077a7a08035,0,0,final_evaluation,-2.037690140708005,-9.795213280845068,1.28419354747355,0.603942215862407,1.5746839824577483
11ed0c94ce3e506f,0,0,final_evaluation,-0.7406277379797452,0.07692005402226465,-1.0203109126419063,0.5244402236971972,1.488682347795539
1a284753959b24b1,0,0,final_evaluation,0.08158507989467378,0.1298699351256547,0.016154652674467807,0.5829284116042442,1.365289556300346
a679fb9f0aa4cec8,0,0,final_evaluation,7.983231326007296,-0.6459425144950972,10.404696489698052,0.768448631308593,1.9025523620195184
698cf7af4e592b5a,0,1,final_evaluation,-0.023854601159253086,0.27231225866829867,1.79069860664039,2.782050335468476,1.5150161915863678
b8a8c0fbdc2aa873,0,0,final_evaluation,-1.6614656327443953,-0.04104247727697441,2.0308292564604185,0.7000457194231384,1.713334493738203
f19d06de1e80f4c9,0,0,final_evaluation,2.059976696910013,4.8130399801301404,2.310532626319436,5.335145306327979,1.7088969446613544
2c213592c058032c,0,0,final_evaluation,2.9572944521985582,0.878542928459602,2.6130334542691696,1.3146373718941908,1.0303412429992171
8eaadd87e6527d7e,0,0,final_evaluation,-1.5284956611622202,-0.2174489161146127,-0.7075310754777635,0.5274352790675492,1.632710701496187
7d5f7a2fc8650709,0,0,final_evaluation,-0.8730538799579107,-0.0875843105521954,0.2684707337105706,0.5275478747599172,1.5191015346365042
93bbc96dd79c7f3a,0,0,final_evaluation,1.388424337113888,0.0020946132950048213,1.8596041241313204,0.6140701470132419,1.6384293288936087
429f6c59f1871f5c,0,0,final_evaluation,-2.683044687568818,-0.01588220696476217,0.15883406684194112,0.5207681874471457,1.1999452880890116
9f6f6f1d5d088e59,0,0,final_evaluation,21.595904652583048,0.3259754642452434,21.571115610176193,0.8043182894353944,1.796448666523917
f6114c195febf516,0,1,final_evaluation,0.9665615667198981,0.19508413966259952,0.18307192077658452,0.6110281559331023,-1.1943927992510253
2bf987dfb5b7f9a3,0,0,final_evaluation,-0.5821701991266602,0.00931343562053355,-0.39621125649451283,0.5206257424608236,1.502605966902514
bfa87987719431a0,0,1,final_evaluation,0.44650509569766395,0.15727099210108608,-0.05113911168630292,0.558125745815546,-1.551910224220911
2ade231ab0a0fdcd,0,0,final_evaluation,0.06875477559760734,0.10332537466078212,0.20649499708310937,0.5946520104552988,1.6336193874188163
60d7649c0b2d8e0d,0,0,final_evaluation,-0.4264700948767475,-0.02899757101652012,-0.12520171069027253,0.5180687311782899,1.6362884865662712
d5c58c6016aac0cd,0,0,final_evaluation,0.6697569923484081,0.08001916151741129,1.182567833118172,0.5634764720957158,1.0724548693710028
c535fde15c9e9b20,0,1,final_evaluation,-1.6538334735698046,0.0917211112856498,-0.4020583064008645,0.5455139168801777,-1.5107300317864936
f4077260cbe7bb4c,0,0,final_evaluation,0.21018870959822622,0.15610733442865143,-0.17096246886081667,0.5619310812062399,1.226716496233152
5ce7afca5f24f2a7,0,0,final_evaluation,-0.09572592151276726,0.09261400134782505,1.1821083919605502,0.5500152550200901,0.9811788794208813
6c246d693dbd3faf,0,0,final_evaluation,0.6417020825958216,0.16246299375939144,0.5436375210976999,0.5929436437212905,1.5677716901831666
4a97450ec1bfaf5c,0,0,final_evaluation,0.7924354799413935,0.11343286597681523,-0.4438526129730702,0.516894895979676,1.2996670319043937
394195250a16a975,0,1,final_evaluation,-0.17998080631983526,0.017872175601140405,0.6442467266585424,0.7532065193861085,-1.8851531851744554
0a3521caa423f644,0,0,final_evaluation,8.085451933621579,0.14150177957339882,11.008344611497046,0.7807659162270884,1.86440088601491
dc08bf38f5d8ad00,0,0,final_evaluation,1.2913318808557248,2.7264222436773675,1.8955319650703317,3.249524616931606,1.4690448604764217
aa443164653c163c,0,0,final_evaluation,-0.6897060763088799,0.052415621799587586,0.00956579584795636,0.58334654349037,1.2127077432907056
c4f024584acac9fc,0,0,final_evaluation,-2.861473744004341,-0.09387022673672518,0.5137640043534326,0.692094066523997,0.8111642345839641
b92ec67dfffb6255,0,0,final_evaluation,-49.00861358969386,-10.915743269616502,-0.14256256642645848,0.5636890175021676,-1.6470727451899887
578ffb867276129f,0,1,final_evaluation,-0.21221654103145138,0.3507999000413691,1.0732941182873028,0.8068919269681384,-1.0626465566691177
b0c7614e8f6003d9,0,1,final_evaluation,1.9819459326465108,9.36202896640294,3.3163083755050415,9.763596647903526,-1.453642650608761
a120a37bd1897fc2,0,0,final_evaluation,-3.2421998632617273,0.021356918596885932,0.24300089643609124,0.6132103040437309,1.5470109892826556
6d4a202174649089,0,0,final_evaluation,-1266.5444046984098,-13.065375565828445,2.1186060033052447,4.8625704945809485,-1.8756051928353576
ff7f8a245b5699bc,0,0,final_evaluation,6.522817011377242,0.18928046537370735,6.920818229021419,0.7625285859440583,1.7436067603620062
