attack,structural_role,effective_defense,contrast,mean_auc_difference,sd_across_paired_blocks,ci95_low,ci95_high,paired_blocks,p_exact_sign_flip,p_holm_all_secondary
artifact_confidence_tau0.9,low,dp_qml,defense-none,0.010676874999999975,0.01056399070207711,0.0035043749999999416,0.017062499999999987,8,0.046875,1.0
artifact_confidence_tau0.9,low,dynanoise,defense-none,0.031226249999999997,0.018791433981243374,0.01792809374999999,0.042069062499999976,8,0.015625,1.0
artifact_confidence_tau0.9,low,hamp_train,defense-none,0.010276874999999977,0.012098890426546202,0.002291874999999992,0.017861249999999974,8,0.0625,1.0
artifact_confidence_tau0.9,low,l2,defense-none,0.0034193749999999745,0.009088629645842429,-0.0025354062500000307,0.009103749999999987,8,0.296875,1.0
artifact_confidence_tau0.9,repetition,dp_qml,defense-none,-0.01813750000000002,0.0215670300624422,-0.03272687500000004,-0.004996250000000015,8,0.015625,1.0
artifact_confidence_tau0.9,repetition,dynanoise,defense-none,0.017870000000000004,0.011902870002050528,0.010199968749999988,0.025607500000000005,8,0.015625,1.0
artifact_confidence_tau0.9,repetition,hamp_train,defense-none,0.01750187500000002,0.008287537087829103,0.011917500000000053,0.02251639062500006,8,0.0078125,1.0
artifact_confidence_tau0.9,repetition,l2,defense-none,-0.004308750000000028,0.009662029419330134,-0.01053250000000009,0.002030000000000004,8,0.2421875,1.0
artifact_confidence_tau0.9,stress,dp_qml,defense-none,-0.025469375000000044,0.01866698430719324,-0.035820640625000066,-0.012311250000000086,8,0.0234375,1.0
artifact_confidence_tau0.9,stress,dynanoise,defense-none,0.00894812499999998,0.01571007773407608,-0.0010662500000000047,0.01946815624999997,8,0.171875,1.0
artifact_confidence_tau0.9,stress,hamp_train,defense-none,0.010829374999999995,0.01899107655819663,-0.0013475000000000292,0.023303124999999973,8,0.15625,1.0
artifact_confidence_tau0.9,stress,l2,defense-none,-0.011121250000000013,0.01945472211315288,-0.022883906250000034,0.0019799999999999957,8,0.1484375,1.0
artifact_loss_tau0.5,low,dp_qml,defense-none,0.0005850000000000091,0.009356028995862973,-0.005407499999999996,0.006593125000000033,8,0.9296875,1.0
artifact_loss_tau0.5,low,dynanoise,defense-none,0.017555000000000022,0.009634830786563608,0.011110625000000027,0.023449656249999944,8,0.0078125,1.0
artifact_loss_tau0.5,low,hamp_train,defense-none,0.009545625000000016,0.009161139759682094,0.0034700000000000356,0.015241328124999978,8,0.0390625,1.0
artifact_loss_tau0.5,low,l2,defense-none,-0.003355625000000022,0.00427549615959533,-0.006080000000000037,-0.0005686562500000356,8,0.0546875,1.0
artifact_loss_tau0.5,repetition,dp_qml,defense-none,-0.03449062500000001,0.01622760224289378,-0.04550812500000001,-0.024543125000000034,8,0.0078125,1.0
artifact_loss_tau0.5,repetition,dynanoise,defense-none,0.011978749999999955,0.005503792036924564,0.008197499999999983,0.015271249999999917,8,0.0078125,1.0
artifact_loss_tau0.5,repetition,hamp_train,defense-none,0.016171875000000044,0.005762820451269613,0.01243985937500005,0.019965625000000042,8,0.0078125,1.0
artifact_loss_tau0.5,repetition,l2,defense-none,-0.01427875000000002,0.006573058512921201,-0.018642500000000034,-0.010117499999999988,8,0.0078125,1.0
artifact_loss_tau0.5,stress,dp_qml,defense-none,-0.05709374999999999,0.014696063552141174,-0.06657190625000005,-0.04745093749999998,8,0.0078125,1.0
artifact_loss_tau0.5,stress,dynanoise,defense-none,0.007376875000000019,0.008228328652327496,0.0021587500000000287,0.012668749999999965,8,0.0546875,1.0
artifact_loss_tau0.5,stress,hamp_train,defense-none,0.016195625000000047,0.01632744303257996,0.006458750000000055,0.027356265625000067,8,0.0234375,1.0
artifact_loss_tau0.5,stress,l2,defense-none,-0.019779999999999978,0.014641719258923908,-0.029109187499999977,-0.010084312499999993,8,0.0078125,1.0
confidence,low,dp_qml,defense-none,0.0005850000000000091,0.009356028995862973,-0.005469453125000052,0.0064650000000000055,8,0.9296875,1.0
confidence,low,dynanoise,defense-none,0.017555000000000022,0.009634830786563608,0.011159703125000052,0.023496250000000017,8,0.0078125,1.0
confidence,low,hamp_full,defense-none,0.0035831250000000134,0.010731710334165218,-0.0030293906249999726,0.010863875000000016,8,0.375,1.0
confidence,low,hamp_output,defense-none,-0.006449374999999993,0.010644055496412771,-0.01394999999999999,-0.00035124999999999046,8,0.1015625,1.0
confidence,low,hamp_train,defense-none,0.009545625000000016,0.009161139759682094,0.0034455312500000623,0.015223531250000017,8,0.0390625,1.0
confidence,low,l2,defense-none,-0.003355625000000022,0.00427549615959533,-0.006101312500000057,-0.0005793750000000208,8,0.0546875,1.0
confidence,low,lattice_round,defense-none,0.0003968750000000118,0.0009843995178352271,-0.0002674999999999761,0.001000624999999991,8,0.28125,1.0
confidence,low,logitguard_continuous,defense-none,8.937500000000265e-05,0.012067326736007893,-0.00792812499999998,0.007721249999999985,8,0.984375,1.0
confidence,low,logitguard_quantized,defense-none,-0.00013125000000002718,0.012156447657225218,-0.008540625000000017,0.007738124999999957,8,0.953125,1.0
confidence,low,measurementguard_continuous,defense-none,0.005978750000000026,0.008593222308474124,3.3750000000006e-05,0.011175031250000059,8,0.109375,1.0
confidence,low,memgq_lattice,defense-none,0.00692437500000001,0.010509823444724748,-0.00021187499999999332,0.013342500000000014,8,0.1171875,1.0
confidence,low,memgq_lattice_sticky,defense-none,0.003845625000000026,0.012640056915982842,-0.004831874999999972,0.011443124999999998,8,0.390625,1.0
confidence,low,memguard,defense-none,-0.0003331249999999966,0.005854467730777427,-0.004126249999999998,0.0036138906250000034,8,0.859375,1.0
confidence,repetition,dp_qml,defense-none,-0.03449062500000001,0.01622760224289378,-0.04565731250000001,-0.024354828125000005,8,0.0078125,1.0
confidence,repetition,dynanoise,defense-none,0.011978749999999955,0.005503792036924564,0.008246249999999941,0.015274999999999955,8,0.0078125,1.0
confidence,repetition,hamp_full,defense-none,-0.00043624999999998526,0.010530320762310218,-0.007026249999999928,0.006516375000000026,8,0.8671875,1.0
confidence,repetition,hamp_output,defense-none,-0.009176249999999983,0.023283953970492217,-0.024390312499999994,0.005344406250000026,8,0.3203125,1.0
confidence,repetition,hamp_train,defense-none,0.016171875000000044,0.005762820451269613,0.012540625000000041,0.01984821875000005,8,0.0078125,1.0
confidence,repetition,l2,defense-none,-0.01427875000000002,0.006573058512921201,-0.01863375000000002,-0.010117499999999988,8,0.0078125,1.0
confidence,repetition,lattice_round,defense-none,-0.0007687500000000125,0.0007840223666634293,-0.0012832499999999682,-0.00030750000000002997,8,0.015625,1.0
confidence,repetition,logitguard_continuous,defense-none,0.0033249999999999946,0.00998785405236918,-0.002067499999999986,0.010682749999999939,8,0.4921875,1.0
confidence,repetition,logitguard_quantized,defense-none,0.0030024999999999774,0.009823212305554586,-0.0019268750000000223,0.01029499999999993,8,0.5625,1.0
confidence,repetition,measurementguard_continuous,defense-none,-0.0066887499999999656,0.017256734865387625,-0.01849374999999996,0.0038129687500000043,8,0.328125,1.0
confidence,repetition,memgq_lattice,defense-none,-0.012713749999999982,0.01935230546435524,-0.02558382812499996,-0.0007787499999999808,8,0.09375,1.0
confidence,repetition,memgq_lattice_sticky,defense-none,-0.005764375000000002,0.016985309080307303,-0.01742967187499994,0.004625031249999949,8,0.390625,1.0
confidence,repetition,memguard,defense-none,0.00037500000000000033,0.007320130268161693,-0.004238749999999986,0.005316249999999981,8,0.8828125,1.0
confidence,stress,dp_qml,defense-none,-0.05709374999999999,0.014696063552141174,-0.06640268750000003,-0.04751124999999996,8,0.0078125,1.0
confidence,stress,dynanoise,defense-none,0.007376875000000019,0.008228328652327496,0.0020966250000000308,0.012637562499999996,8,0.0546875,1.0
confidence,stress,hamp_full,defense-none,0.0018181250000000315,0.019405438107010165,-0.01062671874999998,0.014370500000000097,8,0.8125,1.0
confidence,stress,hamp_output,defense-none,-0.0001631249999999862,0.020289226370081903,-0.013389640624999954,0.012665406249999988,8,0.9765625,1.0
confidence,stress,hamp_train,defense-none,0.016195625000000033,0.016327443032579964,0.006341250000000034,0.02740503125000004,8,0.0234375,1.0
confidence,stress,l2,defense-none,-0.019779999999999978,0.014641719258923908,-0.029109187499999974,-0.01020709375,8,0.0078125,1.0
confidence,stress,lattice_round,defense-none,0.00045500000000002483,0.0005621895968951836,8.250000000001312e-05,0.0008062812499999803,8,0.0625,1.0
confidence,stress,logitguard_continuous,defense-none,-0.003968749999999965,0.009691185151613683,-0.010152625000000021,0.002391250000000039,8,0.3046875,1.0
confidence,stress,logitguard_quantized,defense-none,-0.003943749999999968,0.009540138419930186,-0.009961249999999977,0.0023633593750000035,8,0.2734375,1.0
confidence,stress,measurementguard_continuous,defense-none,-0.007711249999999975,0.02013897602553669,-0.020991249999999934,0.005075000000000024,8,0.3046875,1.0
confidence,stress,memgq_lattice,defense-none,-0.007554375000000002,0.020005073541747204,-0.021418499999999997,0.004348749999999999,8,0.3671875,1.0
confidence,stress,memgq_lattice_sticky,defense-none,0.0006506250000000297,0.02134950056918358,-0.013541874999999912,0.014101671875000056,8,0.90625,1.0
confidence,stress,memguard,defense-none,0.002168750000000025,0.00481585606542146,-0.0010449999999999349,0.005196281249999986,8,0.2421875,1.0
correctness,low,dp_qml,defense-none,-0.007874999999999972,0.015428984782822591,-0.017499999999999974,0.0025000000000000022,8,0.203125,1.0
correctness,low,dynanoise,defense-none,-0.01831249999999998,0.014716214332691475,-0.028062499999999976,-0.008812499999999987,8,0.015625,1.0
correctness,low,hamp_full,defense-none,0.004312499999999997,0.01645760245513998,-0.006062500000000026,0.014750000000000027,8,0.484375,1.0
correctness,low,hamp_output,defense-none,0.0,0.0,0.0,0.0,8,1.0,1.0
correctness,low,hamp_train,defense-none,0.004312499999999997,0.01645760245513998,-0.006250000000000033,0.015125000000000013,8,0.484375,1.0
correctness,low,l2,defense-none,-0.0005000000000000074,0.02135248396389921,-0.016375000000000035,0.010375000000000023,8,0.984375,1.0
correctness,low,lattice_round,defense-none,0.0008750000000000285,0.004421942042651788,-0.001999999999999974,0.003750000000000059,8,0.625,1.0
correctness,low,logitguard_continuous,defense-none,0.0,0.0,0.0,0.0,8,1.0,1.0
correctness,low,logitguard_quantized,defense-none,0.0,0.0,0.0,0.0,8,1.0,1.0
correctness,low,measurementguard_continuous,defense-none,0.0,0.0,0.0,0.0,8,1.0,1.0
correctness,low,memgq_lattice,defense-none,0.0,0.0,0.0,0.0,8,1.0,1.0
correctness,low,memgq_lattice_sticky,defense-none,-0.0007499999999999868,0.005277986629117469,-0.00424999999999999,0.0026250000000000023,8,0.671875,1.0
correctness,low,memguard,defense-none,0.0,0.0,0.0,0.0,8,1.0,1.0
correctness,repetition,dp_qml,defense-none,-0.02781250000000004,0.014555159860730778,-0.037687500000000033,-0.01887500000000003,8,0.0078125,1.0
correctness,repetition,dynanoise,defense-none,-0.050625000000000024,0.027028754529733197,-0.06731250000000003,-0.032748437500000026,8,0.0078125,1.0
correctness,repetition,hamp_full,defense-none,0.005687499999999984,0.01313647457599311,-0.002874999999999975,0.014064062499999955,8,0.28125,1.0
correctness,repetition,hamp_output,defense-none,0.0,0.0,0.0,0.0,8,1.0,1.0
correctness,repetition,hamp_train,defense-none,0.005687499999999984,0.01313647457599311,-0.0028124999999999956,0.014062499999999978,8,0.28125,1.0
correctness,repetition,l2,defense-none,-0.016062500000000035,0.02195358333914017,-0.030562500000000062,-0.002937500000000037,8,0.09375,1.0
correctness,repetition,lattice_round,defense-none,0.0009374999999999661,0.004769227999821907,-0.0024999999999999883,0.0034999999999999615,8,0.6328125,1.0
correctness,repetition,logitguard_continuous,defense-none,0.0,0.0,0.0,0.0,8,1.0,1.0
correctness,repetition,logitguard_quantized,defense-none,0.0,0.0,0.0,0.0,8,1.0,1.0
correctness,repetition,measurementguard_continuous,defense-none,0.0,0.0,0.0,0.0,8,1.0,1.0
correctness,repetition,memgq_lattice,defense-none,0.0,0.0,0.0,0.0,8,1.0,1.0
correctness,repetition,memgq_lattice_sticky,defense-none,0.00037500000000000033,0.005423164600647307,-0.0025624999999999815,0.004250000000000004,8,0.90625,1.0
correctness,repetition,memguard,defense-none,0.0,0.0,0.0,0.0,8,1.0,1.0
correctness,stress,dp_qml,defense-none,-0.046937499999999986,0.01660128544936891,-0.05799999999999998,-0.036562499999999956,8,0.0078125,1.0
correctness,stress,dynanoise,defense-none,-0.05962499999999999,0.021221198969763364,-0.07350156249999998,-0.04662499999999999,8,0.0078125,1.0
correctness,stress,hamp_full,defense-none,0.013062500000000019,0.02203639440950872,-0.001249999999999946,0.027062500000000003,8,0.1328125,1.0
correctness,stress,hamp_output,defense-none,0.0,0.0,0.0,0.0,8,1.0,1.0
correctness,stress,hamp_train,defense-none,0.013062500000000019,0.02203639440950872,-0.0011874999999999941,0.027124999999999982,8,0.1328125,1.0
correctness,stress,l2,defense-none,-0.005875000000000005,0.024484324431299775,-0.019687499999999997,0.011312500000000017,8,0.53125,1.0
correctness,stress,lattice_round,defense-none,0.002687500000000037,0.007035306369610741,-0.0021874999999999256,0.007251562500000038,8,0.34375,1.0
correctness,stress,logitguard_continuous,defense-none,0.0,0.0,0.0,0.0,8,1.0,1.0
correctness,stress,logitguard_quantized,defense-none,0.0,0.0,0.0,0.0,8,1.0,1.0
correctness,stress,measurementguard_continuous,defense-none,0.0,0.0,0.0,0.0,8,1.0,1.0
correctness,stress,memgq_lattice,defense-none,0.0,0.0,0.0,0.0,8,1.0,1.0
correctness,stress,memgq_lattice_sticky,defense-none,0.0024375000000000507,0.006143739554561642,-0.0016249999999999325,0.006250000000000033,8,0.2890625,1.0
correctness,stress,memguard,defense-none,0.0,0.0,0.0,0.0,8,1.0,1.0
entropy,low,dp_qml,defense-none,0.010675624999999987,0.010563629462013266,0.0034756249999999475,0.017315031249999942,8,0.046875,1.0
entropy,low,dynanoise,defense-none,0.03122312499999999,0.018793734886449334,0.018155281249999954,0.04178628125,8,0.015625,1.0
entropy,low,hamp_full,defense-none,0.00782250000000001,0.012849203421668946,0.00015831249999999288,0.016801875000000036,8,0.109375,1.0
entropy,low,hamp_output,defense-none,0.0007475000000000329,0.012141699104444025,-0.007183890624999975,0.00834065625000001,8,0.8671875,1.0
entropy,low,hamp_train,defense-none,0.010276874999999991,0.012098350518473836,0.0019712500000000077,0.01782206249999998,8,0.0625,1.0
entropy,low,l2,defense-none,0.0034193749999999745,0.009088629645842429,-0.0024674999999999836,0.009267499999999998,8,0.296875,1.0
entropy,low,lattice_round,defense-none,0.00042937500000000267,0.0017066224737349368,-0.0006656718750000027,0.0015176093750000107,8,0.5078125,1.0
entropy,low,logitguard_continuous,defense-none,0.0005281250000000182,0.014695326258347801,-0.009306875,0.009793031250000035,8,0.9453125,1.0
entropy,low,logitguard_quantized,defense-none,6.812499999997446e-05,0.01517503752348859,-0.010383187500000064,0.009559375000000002,8,0.9609375,1.0
entropy,low,measurementguard_continuous,defense-none,0.0063968749999999686,0.008938137764457952,0.001002499999999941,0.012601250000000015,8,0.0703125,1.0
entropy,low,memgq_lattice,defense-none,0.007138124999999981,0.013451305018340399,-0.001391109375000048,0.01585437500000001,8,0.2109375,1.0
entropy,low,memgq_lattice_sticky,defense-none,0.004473750000000019,0.01667735520955632,-0.006447015625000014,0.015317500000000053,8,0.46875,1.0
entropy,low,memguard,defense-none,-0.00027312500000001294,0.010235953070811599,-0.0072743750000000135,0.005839187499999977,8,0.90625,1.0
entropy,repetition,dp_qml,defense-none,-0.018136250000000027,0.021568218641258775,-0.033023843750000004,-0.0050954687500000696,8,0.015625,1.0
entropy,repetition,dynanoise,defense-none,0.017870625000000022,0.0119017716080722,0.01013618750000002,0.025605062499999973,8,0.015625,1.0
entropy,repetition,hamp_full,defense-none,-0.011045625000000038,0.017802948679823467,-0.02225812500000003,0.0007404062499999236,8,0.1171875,1.0
entropy,repetition,hamp_output,defense-none,-0.01870375000000002,0.027520534638442548,-0.03543500000000008,0.00022778125000002126,8,0.09375,1.0
entropy,repetition,hamp_train,defense-none,0.01750312499999996,0.008287309548555027,0.011969843749999954,0.02257203124999996,8,0.0078125,1.0
entropy,repetition,l2,defense-none,-0.004308750000000014,0.009662029419330134,-0.010546843750000062,0.0020099999999999988,8,0.2421875,1.0
entropy,repetition,lattice_round,defense-none,-0.0006443750000000234,0.001196824481403076,-0.0013869062500000498,0.0001419218749999847,8,0.15625,1.0
entropy,repetition,logitguard_continuous,defense-none,-0.0012250000000000108,0.012034317892712379,-0.007754999999999979,0.007398125000000005,8,0.828125,1.0
entropy,repetition,logitguard_quantized,defense-none,-0.002523750000000005,0.01243758553452284,-0.009488750000000046,0.006455234374999999,8,0.6015625,1.0
entropy,repetition,measurementguard_continuous,defense-none,-0.011801249999999985,0.026409617532525645,-0.03029749999999997,0.0028576875000000377,8,0.28125,1.0
entropy,repetition,memgq_lattice,defense-none,-0.01880500000000003,0.030028618135752732,-0.04051437500000003,-0.0020112499999999714,8,0.0859375,1.0
entropy,repetition,memgq_lattice_sticky,defense-none,-0.010599375000000029,0.034259392084246665,-0.033612687500000016,0.010509578125000004,8,0.4453125,1.0
entropy,repetition,memguard,defense-none,0.0008731250000000093,0.010182085436652234,-0.005121906249999998,0.008240000000000004,8,0.8515625,1.0
entropy,stress,dp_qml,defense-none,-0.02547062500000003,0.018667381872724983,-0.035818796875000024,-0.011897500000000068,8,0.0234375,1.0
entropy,stress,dynanoise,defense-none,0.00894937499999996,0.015703167432423087,-0.0010589687500000245,0.019479999999999914,8,0.171875,1.0
entropy,stress,hamp_full,defense-none,-0.014791249999999992,0.028141559347342505,-0.03432271874999996,0.00240574999999994,8,0.15625,1.0
entropy,stress,hamp_output,defense-none,-0.010420000000000033,0.023764618207987843,-0.025834750000000007,0.005488124999999955,8,0.25,1.0
entropy,stress,hamp_train,defense-none,0.010828749999999977,0.01899025328011338,-0.0011056875000000545,0.02351957812499998,8,0.15625,1.0
entropy,stress,l2,defense-none,-0.011121875000000031,0.01945487267966931,-0.022616875000000036,0.002421874999999976,8,0.1484375,1.0
entropy,stress,lattice_round,defense-none,0.0003893749999999904,0.000950159526079671,-0.00028874999999999734,0.0009437499999999863,8,0.28125,1.0
entropy,stress,logitguard_continuous,defense-none,-0.01200437500000004,0.012595609619880613,-0.021088750000000024,-0.0055175000000000154,8,0.0078125,1.0
entropy,stress,logitguard_quantized,defense-none,-0.011793750000000006,0.01261630768659578,-0.020701687499999975,-0.005223750000000048,8,0.0078125,1.0
entropy,stress,measurementguard_continuous,defense-none,-0.017605625000000014,0.016335030158155715,-0.02748006249999998,-0.006660625000000059,8,0.03125,1.0
entropy,stress,memgq_lattice,defense-none,-0.011706875000000026,0.030380998400962467,-0.031671874999999995,0.007299515624999952,8,0.3203125,1.0
entropy,stress,memgq_lattice_sticky,defense-none,-0.009238750000000032,0.024164244357255248,-0.026186875000000047,0.005338749999999955,8,0.421875,1.0
entropy,stress,memguard,defense-none,0.000708750000000008,0.0059696121852979124,-0.0030699999999999894,0.004522499999999957,8,0.8046875,1.0
global_true_class_log_odds,low,dp_qml,defense-none,-0.002024999999999985,0.020019811616068126,-0.014868906249999965,0.011074999999999988,8,0.7890625,1.0
global_true_class_log_odds,low,dynanoise,defense-none,0.003781249999999986,0.005964893574670263,-0.00013124999999999942,0.007537499999999989,8,0.125,1.0
global_true_class_log_odds,low,hamp_full,defense-none,0.015856250000000023,0.023627094578349793,0.002806250000000031,0.03278859375,8,0.0625,1.0
global_true_class_log_odds,low,hamp_train,defense-none,0.011043750000000005,0.012282200753820284,0.0032999999999999835,0.019250000000000017,8,0.046875,1.0
global_true_class_log_odds,low,l2,defense-none,-0.003806250000000018,0.008245797089600077,-0.008812500000000029,0.0019124999999999435,8,0.21875,1.0
global_true_class_log_odds,low,lattice_round,defense-none,0.0002999999999999947,0.001540639941248872,-0.0007500000000000007,0.0012124999999999775,8,0.6015625,1.0
global_true_class_log_odds,low,logitguard_continuous,defense-none,-0.0013062499999999602,0.011796622927770459,-0.00906249999999996,0.006375312500000015,8,0.765625,1.0
global_true_class_log_odds,low,logitguard_quantized,defense-none,-0.0016000000000000111,0.011772273721394213,-0.009062656250000014,0.005968749999999974,8,0.6953125,1.0
global_true_class_log_odds,low,measurementguard_continuous,defense-none,0.011449999999999988,0.012845677427501773,0.002387187499999974,0.018812500000000024,8,0.046875,1.0
global_true_class_log_odds,low,memgq_lattice,defense-none,0.008881249999999993,0.00629846565782944,0.005106249999999993,0.013168749999999979,8,0.0078125,1.0
global_true_class_log_odds,low,memgq_lattice_sticky,defense-none,0.008593750000000004,0.006431920258700739,0.00461843750000002,0.01285015624999999,8,0.0078125,1.0
global_true_class_log_odds,low,memguard,defense-none,-0.003006250000000002,0.006278787274853084,-0.007325468749999978,0.0004625000000000115,8,0.4375,1.0
global_true_class_log_odds,repetition,dp_qml,defense-none,-0.04270000000000003,0.027009522130431833,-0.06021250000000004,-0.02497500000000001,8,0.015625,1.0
global_true_class_log_odds,repetition,dynanoise,defense-none,0.003537499999999999,0.0031901354651039564,0.0014500000000000474,0.005499999999999991,8,0.03125,1.0
global_true_class_log_odds,repetition,hamp_full,defense-none,0.023987499999999995,0.01953249581741009,0.01254874999999998,0.03761249999999998,8,0.015625,1.0
global_true_class_log_odds,repetition,hamp_train,defense-none,0.025574999999999973,0.011600584960620365,0.01786218749999999,0.03293749999999997,8,0.0078125,1.0
global_true_class_log_odds,repetition,l2,defense-none,-0.016612500000000058,0.014320159366631183,-0.025375000000000078,-0.00698718750000004,8,0.0234375,1.0
global_true_class_log_odds,repetition,lattice_round,defense-none,-0.0008250000000000063,0.0018576098314000758,-0.0019749999999999768,0.0004499999999999782,8,0.265625,1.0
global_true_class_log_odds,repetition,logitguard_continuous,defense-none,0.00232499999999998,0.010031770958879992,-0.003787499999999999,0.009337499999999915,8,0.53125,1.0
global_true_class_log_odds,repetition,logitguard_quantized,defense-none,-0.0003625000000000572,0.00886625827022232,-0.005818750000000053,0.00563781249999993,8,0.90625,1.0
global_true_class_log_odds,repetition,measurementguard_continuous,defense-none,-0.00675000000000002,0.01957075077032779,-0.019637499999999974,0.005174999999999972,8,0.3828125,1.0
global_true_class_log_odds,repetition,memgq_lattice,defense-none,-0.0016999999999999793,0.027889526964179824,-0.019099999999999923,0.017325312500000016,8,0.8671875,1.0
global_true_class_log_odds,repetition,memgq_lattice_sticky,defense-none,0.0005874999999999769,0.014200949414941048,-0.008325312500000025,0.009899999999999978,8,0.921875,1.0
global_true_class_log_odds,repetition,memguard,defense-none,-0.0012062500000000198,0.008303632488254753,-0.006856250000000008,0.003981249999999964,8,0.65625,1.0
global_true_class_log_odds,stress,dp_qml,defense-none,-0.06987500000000005,0.016935149415174534,-0.07991250000000003,-0.05796250000000004,8,0.0078125,1.0
global_true_class_log_odds,stress,dynanoise,defense-none,0.004000000000000017,0.00413452363813352,0.0014875000000000855,0.006849999999999953,8,0.0234375,1.0
global_true_class_log_odds,stress,hamp_full,defense-none,0.011249999999999968,0.034726564553872706,-0.011537500000000062,0.03316281249999998,8,0.40625,1.0
global_true_class_log_odds,stress,hamp_train,defense-none,0.013887500000000011,0.0203307253401629,0.00037500000000000033,0.02690062500000001,8,0.1015625,1.0
global_true_class_log_odds,stress,l2,defense-none,-0.0316125,0.014357221925866115,-0.04088781249999998,-0.02251187499999992,8,0.0078125,1.0
global_true_class_log_odds,stress,lattice_round,defense-none,0.0008999999999999703,0.0013049356853335843,8.749999999996226e-05,0.00174999999999996,8,0.109375,1.0
global_true_class_log_odds,stress,logitguard_continuous,defense-none,-0.0044125000000000275,0.012230808582077812,-0.012487499999999999,0.0032124999999999793,8,0.34375,1.0
global_true_class_log_odds,stress,logitguard_quantized,defense-none,-0.0046625000000000555,0.012077598803451849,-0.012650000000000008,0.0027756249999998815,8,0.328125,1.0
global_true_class_log_odds,stress,measurementguard_continuous,defense-none,0.002899999999999958,0.01999842850968908,-0.009012500000000076,0.01627500000000001,8,0.7109375,1.0
global_true_class_log_odds,stress,memgq_lattice,defense-none,-0.0023250000000000076,0.025250049504901947,-0.020324999999999996,0.011700312499999956,8,0.8515625,1.0
global_true_class_log_odds,stress,memgq_lattice_sticky,defense-none,0.011693749999999989,0.0271598763607011,-0.005237499999999992,0.029262656250000046,8,0.2578125,1.0
global_true_class_log_odds,stress,memguard,defense-none,0.001099999999999976,0.005218921618221798,-0.0018499999999999905,0.004863124999999955,8,0.6953125,1.0
label_only_hsj,low,dp_qml,defense-none,-0.050624999999999976,0.05892640688665333,-0.08921874999999994,-0.01265234375000003,8,0.0390625,1.0
label_only_hsj,low,dynanoise,defense-none,-0.06843749999999998,0.07261305839861036,-0.11359374999999997,-0.01859375,8,0.046875,1.0
label_only_hsj,low,hamp_train,defense-none,-0.006093749999999988,0.05480663044807104,-0.03844140625,0.03172265624999993,8,0.75,1.0
label_only_hsj,low,l2,defense-none,-0.013125000000000026,0.038533380705194145,-0.037503906250000045,0.012343749999999973,8,0.375,1.0
label_only_hsj,low,lattice_round,defense-none,-0.005781249999999995,0.019479126877983307,-0.018910156250000035,0.006093749999999996,8,0.484375,1.0
label_only_hsj,low,memgq_lattice_sticky,defense-none,-0.0037499999999999964,0.008939279293417023,-0.009531250000000005,0.0018750000000000017,8,0.296875,1.0
label_only_hsj,repetition,dp_qml,defense-none,-0.028749999999999963,0.059739015726742596,-0.06984374999999995,0.007500000000000034,8,0.265625,1.0
label_only_hsj,repetition,dynanoise,defense-none,-0.08484375,0.10724312644474168,-0.1446875,-0.008281250000000018,8,0.0625,1.0
label_only_hsj,repetition,hamp_train,defense-none,-0.0062500000000000056,0.04807917577139964,-0.036093749999999966,0.02656640624999996,8,0.734375,1.0
label_only_hsj,repetition,l2,defense-none,-0.036093749999999994,0.03266057515786975,-0.05453515625000003,-0.013277343750000038,8,0.03125,1.0
label_only_hsj,repetition,lattice_round,defense-none,0.0015624999999999944,0.013574365283767143,-0.007343749999999996,0.010156249999999978,8,0.7578125,1.0
label_only_hsj,repetition,memgq_lattice_sticky,defense-none,-0.0023437500000000194,0.010467583890277635,-0.008750000000000008,0.004999999999999963,8,0.5625,1.0
label_only_hsj,stress,dp_qml,defense-none,-0.059375000000000025,0.08987342289496456,-0.11734375000000005,0.003593749999999965,8,0.109375,1.0
label_only_hsj,stress,dynanoise,defense-none,-0.09312500000000003,0.11091341539365612,-0.15609375000000006,-0.011863281250000196,8,0.0625,1.0
label_only_hsj,stress,hamp_train,defense-none,-0.02031250000000001,0.06536555859166207,-0.059531250000000036,0.02468750000000003,8,0.40625,1.0
label_only_hsj,stress,l2,defense-none,-0.03421874999999999,0.05487378984998207,-0.06968749999999996,0.0012539062499999573,8,0.1328125,1.0
label_only_hsj,stress,lattice_round,defense-none,-0.0057812500000000155,0.007225250242824033,-0.010781250000000034,-0.0012500000000000011,8,0.0625,1.0
label_only_hsj,stress,memgq_lattice_sticky,defense-none,-0.0057812500000000155,0.012264523096546144,-0.01250000000000008,0.0029687499999999922,8,0.21875,1.0
learned_pv_stats_logistic,low,dp_qml,defense-none,-0.009756250000000029,0.0212553045060017,-0.023959999999999988,0.0034849999999999604,8,0.2265625,1.0
learned_pv_stats_logistic,low,dynanoise,defense-none,-0.0032587500000000116,0.031240278230652323,-0.023254999999999998,0.01786468749999993,8,0.796875,1.0
learned_pv_stats_logistic,low,hamp_full,defense-none,-0.007423749999999986,0.025565282227214804,-0.023203749999999995,0.009807562500000058,8,0.421875,1.0
learned_pv_stats_logistic,low,hamp_output,defense-none,0.006116249999999976,0.02236556980047681,-0.009971250000000022,0.018261249999999958,8,0.4609375,1.0
learned_pv_stats_logistic,low,hamp_train,defense-none,0.0041387500000000105,0.01616342470562119,-0.005467687499999966,0.015150562499999989,8,0.515625,1.0
learned_pv_stats_logistic,low,l2,defense-none,0.004946250000000013,0.027763679221756103,-0.011576249999999982,0.024496250000000025,8,0.6875,1.0
learned_pv_stats_logistic,low,lattice_round,defense-none,0.0012237499999999887,0.0064591915405214,-0.003260625000000017,0.005028406250000004,8,0.65625,1.0
learned_pv_stats_logistic,low,logitguard_continuous,defense-none,0.0067087499999999994,0.014157798898234767,-0.003266437500000013,0.014901656250000018,8,0.234375,1.0
learned_pv_stats_logistic,low,logitguard_quantized,defense-none,0.006561249999999963,0.014831886198804413,-0.003241250000000022,0.015265624999999942,8,0.265625,1.0
learned_pv_stats_logistic,low,measurementguard_continuous,defense-none,0.0067799999999999805,0.013395087585699891,-0.0017650000000000235,0.015515687499999943,8,0.2109375,1.0
learned_pv_stats_logistic,low,memgq_lattice,defense-none,0.007867500000000013,0.02822504346447368,-0.010449999999999994,0.025758750000000004,8,0.4453125,1.0
learned_pv_stats_logistic,low,memgq_lattice_sticky,defense-none,0.015047500000000033,0.026806153211529637,-0.0024889218749999564,0.03194500000000007,8,0.1484375,1.0
learned_pv_stats_logistic,low,memguard,defense-none,0.009986250000000002,0.01809399185009842,-0.0015374999999999694,0.02189406249999999,8,0.1875,1.0
learned_pv_stats_logistic,repetition,dp_qml,defense-none,-0.02311500000000004,0.020717708091664688,-0.037609562500000034,-0.011092500000000047,8,0.0078125,1.0
learned_pv_stats_logistic,repetition,dynanoise,defense-none,0.02245624999999997,0.040164185872313095,-0.002118750000000058,0.049291249999999995,8,0.1796875,1.0
learned_pv_stats_logistic,repetition,hamp_full,defense-none,0.02414625,0.03528140503255823,0.0016587500000000699,0.04681449999999996,8,0.1015625,1.0
learned_pv_stats_logistic,repetition,hamp_output,defense-none,0.023253750000000004,0.015172927900422807,0.01427471875000001,0.03374003125000002,8,0.0078125,1.0
learned_pv_stats_logistic,repetition,hamp_train,defense-none,0.017436874999999984,0.03748646774289738,-0.00830000000000003,0.04041687499999999,8,0.25,1.0
learned_pv_stats_logistic,repetition,l2,defense-none,-0.016515000000000044,0.019767750070686874,-0.02979175000000002,-0.003638593750000095,8,0.046875,1.0
learned_pv_stats_logistic,repetition,lattice_round,defense-none,-0.0009662500000000296,0.004701155443079911,-0.004202640625000026,0.001969999999999945,8,0.6015625,1.0
learned_pv_stats_logistic,repetition,logitguard_continuous,defense-none,-0.0033712499999999854,0.03034685506770011,-0.019773749999999944,0.018252499999999956,8,0.765625,1.0
learned_pv_stats_logistic,repetition,logitguard_quantized,defense-none,-0.003025000000000014,0.028992628250249113,-0.018761625000000004,0.018556249999999996,8,0.7890625,1.0
learned_pv_stats_logistic,repetition,measurementguard_continuous,defense-none,0.00756374999999998,0.027691298755849518,-0.009154999999999983,0.026623749999999946,8,0.4609375,1.0
learned_pv_stats_logistic,repetition,memgq_lattice,defense-none,0.0024956249999999874,0.02695923091811834,-0.01394812500000002,0.021444999999999992,8,0.8203125,1.0
learned_pv_stats_logistic,repetition,memgq_lattice_sticky,defense-none,-0.001183125000000014,0.042469214811395165,-0.028906249999999967,0.025821874999999966,8,0.9296875,1.0
learned_pv_stats_logistic,repetition,memguard,defense-none,0.004435624999999992,0.022574583596460234,-0.007587500000000032,0.021018453124999982,8,0.765625,1.0
learned_pv_stats_logistic,stress,dp_qml,defense-none,-0.049668750000000005,0.03741458479466459,-0.07410193750000006,-0.025911249999999997,8,0.015625,1.0
learned_pv_stats_logistic,stress,dynanoise,defense-none,0.0019868749999999713,0.04277379078507069,-0.02474506250000007,0.030677499999999955,8,0.953125,1.0
learned_pv_stats_logistic,stress,hamp_full,defense-none,-0.004229374999999966,0.0298382612043066,-0.024073296874999955,0.014909375000000044,8,0.6484375,1.0
learned_pv_stats_logistic,stress,hamp_output,defense-none,-0.006176250000000001,0.024804878516418615,-0.023034343750000016,0.008211874999999967,8,0.59375,1.0
learned_pv_stats_logistic,stress,hamp_train,defense-none,0.0068618749999999895,0.03644268885499725,-0.018536249999999976,0.02748506249999998,8,0.625,1.0
learned_pv_stats_logistic,stress,l2,defense-none,-0.02702625,0.03616195038098943,-0.04844534375,-0.0012346562500000322,8,0.078125,1.0
learned_pv_stats_logistic,stress,lattice_round,defense-none,0.0003575000000000522,0.007581465651743784,-0.004362624999999921,0.005391250000000014,8,0.8828125,1.0
learned_pv_stats_logistic,stress,logitguard_continuous,defense-none,0.003787500000000027,0.014189270342661878,-0.005499906249999983,0.012912500000000077,8,0.46875,1.0
learned_pv_stats_logistic,stress,logitguard_quantized,defense-none,0.00445437500000001,0.01462856585039303,-0.004814374999999996,0.014081218750000004,8,0.4296875,1.0
learned_pv_stats_logistic,stress,measurementguard_continuous,defense-none,0.005566875000000054,0.029221521782204638,-0.013123124999999958,0.024486046875000063,8,0.6015625,1.0
learned_pv_stats_logistic,stress,memgq_lattice,defense-none,0.003490000000000007,0.017331508878340632,-0.00762515625000002,0.014419156250000016,8,0.5390625,1.0
learned_pv_stats_logistic,stress,memgq_lattice_sticky,defense-none,0.002118750000000058,0.024525492531824344,-0.013826249999999943,0.017647500000000038,8,0.8046875,1.0
learned_pv_stats_logistic,stress,memguard,defense-none,-0.001695000000000002,0.009029352136227672,-0.008097124999999998,0.003732499999999958,8,0.578125,1.0
lira_offline,low,dp_qml,defense-none,-0.030712499999999997,0.04721287468174632,-0.06122593749999994,-0.001437500000000036,8,0.109375,1.0
lira_offline,low,dynanoise,defense-none,-0.01212499999999999,0.02956463862696208,-0.03340000000000001,0.006162500000000008,8,0.328125,1.0
lira_offline,low,hamp_full,defense-none,0.006837499999999962,0.05494929968356543,-0.025137500000000063,0.044690937499999896,8,0.734375,1.0
lira_offline,low,hamp_train,defense-none,0.016749999999999966,0.02329500252966597,0.0017999999999999267,0.031687812500000016,8,0.0859375,1.0
lira_offline,low,l2,defense-none,-0.004449999999999982,0.021485077878112782,-0.018962499999999965,0.00927500000000002,8,0.5625,1.0
lira_offline,low,lattice_round,defense-none,-0.002150000000000027,0.004757550390094218,-0.005262812500000057,0.0007874999999999549,8,0.2578125,1.0
lira_offline,low,logitguard_continuous,defense-none,-0.018487500000000004,0.037444451715650924,-0.045901874999999995,0.0010878125000000534,8,0.203125,1.0
lira_offline,low,logitguard_quantized,defense-none,-0.019381250000000023,0.03761958966796043,-0.04675078125000003,1.9062499999965945e-05,8,0.1640625,1.0
lira_offline,low,measurementguard_continuous,defense-none,-0.00023750000000005017,0.02566292141815277,-0.017837500000000034,0.015512499999999929,8,0.9921875,1.0
lira_offline,low,memgq_lattice,defense-none,-0.007824999999999999,0.020913614840918544,-0.020962500000000023,0.005937812500000035,8,0.3359375,1.0
lira_offline,low,memgq_lattice_sticky,defense-none,-0.005500000000000019,0.027896697193139485,-0.024150312500000038,0.012025000000000022,8,0.5859375,1.0
lira_offline,low,memguard,defense-none,-0.016281250000000004,0.03562408833419963,-0.04215000000000002,0.001619218750000009,8,0.1875,1.0
lira_offline,repetition,dp_qml,defense-none,-0.052674999999999986,0.06818252289679104,-0.1013375,-0.01336249999999993,8,0.0546875,1.0
lira_offline,repetition,dynanoise,defense-none,-0.0015625000000000222,0.015514227341379241,-0.011025312500000006,0.009087499999999984,8,0.7578125,1.0
lira_offline,repetition,hamp_full,defense-none,-0.007975000000000038,0.021771655885577487,-0.02170000000000004,0.006450312499999926,8,0.3203125,1.0
lira_offline,repetition,hamp_train,defense-none,0.006474999999999967,0.016822752450178897,-0.0033750000000000308,0.01850031250000001,8,0.453125,1.0
lira_offline,repetition,l2,defense-none,-0.017687500000000023,0.021465815847528345,-0.031687500000000035,-0.004162187500000018,8,0.078125,1.0
lira_offline,repetition,lattice_round,defense-none,-0.002687500000000065,0.004060414299762339,-0.005375000000000102,-0.000112500000000057,8,0.125,1.0
lira_offline,repetition,logitguard_continuous,defense-none,-0.0069875000000000215,0.019986526711762632,-0.019725312500000033,0.005862500000000034,8,0.3515625,1.0
lira_offline,repetition,logitguard_quantized,defense-none,-0.0086875,0.01928377834198621,-0.021312499999999998,0.0033874999999999877,8,0.2265625,1.0
lira_offline,repetition,measurementguard_continuous,defense-none,-0.029550000000000035,0.021744161778016927,-0.04211281250000009,-0.014337500000000017,8,0.0234375,1.0
lira_offline,repetition,memgq_lattice,defense-none,-0.022625000000000034,0.03513096924367443,-0.045200312500000034,0.0010249999999999704,8,0.109375,1.0
lira_offline,repetition,memgq_lattice_sticky,defense-none,-0.015775000000000053,0.020320204582772176,-0.027137500000000092,-0.0011625000000000524,8,0.078125,1.0
lira_offline,repetition,memguard,defense-none,-0.0038875000000000437,0.012143480026041037,-0.011512499999999981,0.004087499999999966,8,0.3984375,1.0
lira_offline,stress,dp_qml,defense-none,-0.07911250000000003,0.030572230046236368,-0.09971281250000004,-0.06002500000000002,8,0.0078125,1.0
lira_offline,stress,dynanoise,defense-none,0.0019124999999999698,0.011405692501052727,-0.006149999999999976,0.008612812499999963,8,0.6484375,1.0
lira_offline,stress,hamp_full,defense-none,-0.003212499999999993,0.0474751495145468,-0.03433750000000002,0.026664062499999995,8,0.859375,1.0
lira_offline,stress,hamp_train,defense-none,0.0035374999999999435,0.02985239581196603,-0.01697500000000006,0.02181249999999997,8,0.734375,1.0
lira_offline,stress,l2,defense-none,-0.03158750000000006,0.029689557447502832,-0.05037656250000004,-0.012362187500000057,8,0.03125,1.0
lira_offline,stress,lattice_round,defense-none,0.0008500000000000174,0.002079148177224752,-0.0006374999999999717,0.0019374999999999948,8,0.2890625,1.0
lira_offline,stress,logitguard_continuous,defense-none,-0.009812500000000016,0.033002356517592556,-0.03354999999999998,0.008799999999999988,8,0.5234375,1.0
lira_offline,stress,logitguard_quantized,defense-none,-0.00888750000000002,0.03229606068414977,-0.03176953124999998,0.00890656249999996,8,0.5859375,1.0
lira_offline,stress,measurementguard_continuous,defense-none,-0.01760000000000001,0.044924857897859376,-0.04765000000000001,0.010728749999999957,8,0.3125,1.0
lira_offline,stress,memgq_lattice,defense-none,-0.029225,0.0392746646798453,-0.054212500000000025,-0.0036750000000000255,8,0.0703125,1.0
lira_offline,stress,memgq_lattice_sticky,defense-none,-0.009587499999999985,0.03314670582641445,-0.03097500000000003,0.011900000000000008,8,0.4609375,1.0
lira_offline,stress,memguard,defense-none,0.00034999999999997533,0.031532794720055254,-0.021650000000000044,0.01906437499999997,8,0.984375,1.0
lira_offline_density_surprise,low,dp_qml,defense-none,-0.008162499999999975,0.054205427706615704,-0.04377718749999997,0.026587499999999993,8,0.671875,1.0
lira_offline_density_surprise,low,dynanoise,defense-none,0.011500000000000024,0.03360956496509374,-0.011287499999999957,0.03188750000000002,8,0.3515625,1.0
lira_offline_density_surprise,low,hamp_full,defense-none,0.005537500000000008,0.05087454984005821,-0.02549999999999996,0.04112499999999997,8,0.765625,1.0
lira_offline_density_surprise,low,hamp_train,defense-none,0.02158750000000001,0.026707379263844994,0.0051625,0.03952500000000003,8,0.0859375,1.0
lira_offline_density_surprise,low,l2,defense-none,0.03835000000000002,0.03399466344674033,0.015672499999999995,0.059464374999999986,8,0.015625,1.0
lira_offline_density_surprise,low,lattice_round,defense-none,-0.004337499999999987,0.009493597466563579,-0.010262812499999958,0.0019750000000000184,8,0.2265625,1.0
lira_offline_density_surprise,low,logitguard_continuous,defense-none,-0.011074999999999995,0.033087967169782,-0.03108749999999999,0.012399999999999974,8,0.3984375,1.0
lira_offline_density_surprise,low,logitguard_quantized,defense-none,-0.01206249999999999,0.032212905022676895,-0.031075000000000012,0.011212500000000042,8,0.3359375,1.0
lira_offline_density_surprise,low,measurementguard_continuous,defense-none,0.005787499999999994,0.022538249234832497,-0.009125000000000001,0.020150937499999938,8,0.484375,1.0
lira_offline_density_surprise,low,memgq_lattice,defense-none,-0.0017125000000000126,0.04403746578604569,-0.030375000000000034,0.02627562499999999,8,0.890625,1.0
lira_offline_density_surprise,low,memgq_lattice_sticky,defense-none,0.008012499999999992,0.03433746132141978,-0.012912499999999993,0.030887499999999957,8,0.5,1.0
lira_offline_density_surprise,low,memguard,defense-none,0.009437500000000036,0.021755651974995897,-0.004049999999999977,0.023787500000000017,8,0.2734375,1.0
lira_offline_density_surprise,repetition,dp_qml,defense-none,-0.012100000000000034,0.05579303591975311,-0.051050312500000056,0.021200312499999978,8,0.640625,1.0
lira_offline_density_surprise,repetition,dynanoise,defense-none,-0.015012499999999984,0.030527338450266915,-0.03684999999999999,0.0018125000000000432,8,0.2109375,1.0
lira_offline_density_surprise,repetition,hamp_full,defense-none,-0.0441625,0.044082582809346106,-0.073363125,-0.01608750000000002,8,0.03125,1.0
lira_offline_density_surprise,repetition,hamp_train,defense-none,-0.024887499999999993,0.028734272095481097,-0.044888437499999996,-0.008274687499999973,8,0.046875,1.0
lira_offline_density_surprise,repetition,l2,defense-none,-0.014812500000000034,0.02014330356648158,-0.028262500000000038,-0.002437500000000016,8,0.09375,1.0
lira_offline_density_surprise,repetition,lattice_round,defense-none,-0.0033125000000000307,0.006344049517911637,-0.007225000000000037,0.0010875000000000051,8,0.171875,1.0
lira_offline_density_surprise,repetition,logitguard_continuous,defense-none,-0.015612499999999994,0.03133338874108578,-0.037338437500000037,0.0029628124999999967,8,0.2109375,1.0
lira_offline_density_surprise,repetition,logitguard_quantized,defense-none,-0.01671249999999999,0.0345589532538241,-0.040200000000000014,0.003437499999999996,8,0.2109375,1.0
lira_offline_density_surprise,repetition,measurementguard_continuous,defense-none,-0.014274999999999989,0.06397976800743899,-0.05320218749999998,0.0286753125,8,0.546875,1.0
lira_offline_density_surprise,repetition,memgq_lattice,defense-none,-0.005287499999999987,0.056900626094973684,-0.038950000000000026,0.035212499999999994,8,0.84375,1.0
lira_offline_density_surprise,repetition,memgq_lattice_sticky,defense-none,-0.016712500000000026,0.05407419340921453,-0.05037625000000007,0.020027187499999922,8,0.40625,1.0
lira_offline_density_surprise,repetition,memguard,defense-none,-0.015062500000000006,0.022153615474035566,-0.030125000000000006,-0.0014250000000000165,8,0.109375,1.0
lira_offline_density_surprise,stress,dp_qml,defense-none,-0.005937500000000012,0.04671111637348374,-0.04027499999999999,0.01914999999999996,8,0.875,1.0
lira_offline_density_surprise,stress,dynanoise,defense-none,0.007012499999999991,0.018509645169092644,-0.0050625000000000114,0.019525,8,0.328125,1.0
lira_offline_density_surprise,stress,hamp_full,defense-none,-0.01068750000000001,0.032871196140607455,-0.032825000000000035,0.009487812500000005,8,0.40625,1.0
lira_offline_density_surprise,stress,hamp_train,defense-none,-0.009062499999999973,0.02147935470565696,-0.023588749999999947,0.0032875000000000335,8,0.40625,1.0
lira_offline_density_surprise,stress,l2,defense-none,0.008487500000000016,0.03542224633919038,-0.013149999999999983,0.031839062500000036,8,0.53125,1.0
lira_offline_density_surprise,stress,lattice_round,defense-none,-0.0010749999999999996,0.002240376243912146,-0.0026500000000000343,0.0002625000000000129,8,0.28125,1.0
lira_offline_density_surprise,stress,logitguard_continuous,defense-none,0.00677500000000001,0.030444504547501822,-0.013475000000000015,0.025387500000000056,8,0.5546875,1.0
lira_offline_density_surprise,stress,logitguard_quantized,defense-none,0.005937499999999971,0.029669847007164882,-0.014025000000000018,0.02436249999999996,8,0.5859375,1.0
lira_offline_density_surprise,stress,measurementguard_continuous,defense-none,-0.0002375000000000016,0.054447955162968,-0.03586375000000003,0.03396250000000002,8,0.9765625,1.0
lira_offline_density_surprise,stress,memgq_lattice,defense-none,0.0050375,0.046551168084163055,-0.026174999999999997,0.03396249999999999,8,0.7265625,1.0
lira_offline_density_surprise,stress,memgq_lattice_sticky,defense-none,0.001837499999999971,0.03724478630819162,-0.020512500000000045,0.027162499999999992,8,0.8984375,1.0
lira_offline_density_surprise,stress,memguard,defense-none,0.012100000000000007,0.03620599792457443,-0.01235000000000002,0.03407593750000002,8,0.390625,1.0
lira_offline_density_surprise_fixed_variance,low,dp_qml,defense-none,-0.0025625000000000023,0.042499510501382766,-0.02905031250000002,0.025962500000000006,8,0.8671875,1.0
lira_offline_density_surprise_fixed_variance,low,dynanoise,defense-none,0.013587499999999968,0.03547177701054339,-0.009187500000000043,0.0359259374999999,8,0.3203125,1.0
lira_offline_density_surprise_fixed_variance,low,hamp_full,defense-none,0.009937500000000009,0.049769323239464376,-0.021213437499999988,0.04448750000000005,8,0.609375,1.0
lira_offline_density_surprise_fixed_variance,low,hamp_train,defense-none,0.015350000000000016,0.033045769126211245,-0.004474999999999979,0.03807531250000001,8,0.265625,1.0
lira_offline_density_surprise_fixed_variance,low,l2,defense-none,0.024874999999999994,0.035812437982992926,0.002762499999999994,0.049725000000000005,8,0.078125,1.0
lira_offline_density_surprise_fixed_variance,low,lattice_round,defense-none,-0.0014749999999999763,0.009992532926426316,-0.00813781249999999,0.004725000000000007,8,0.6953125,1.0
lira_offline_density_surprise_fixed_variance,low,logitguard_continuous,defense-none,-0.0027624999999999594,0.04147418947800117,-0.027049999999999956,0.026475312500000035,8,0.8671875,1.0
lira_offline_density_surprise_fixed_variance,low,logitguard_quantized,defense-none,-0.0044687500000000005,0.041186708479279376,-0.028375625000000026,0.02425624999999998,8,0.796875,1.0
lira_offline_density_surprise_fixed_variance,low,measurementguard_continuous,defense-none,0.01125000000000001,0.032410492128321644,-0.009463124999999984,0.032237499999999995,8,0.3671875,1.0
lira_offline_density_surprise_fixed_variance,low,memgq_lattice,defense-none,0.0015374999999999833,0.03131722198499,-0.01807625000000002,0.02233781249999995,8,0.8828125,1.0
lira_offline_density_surprise_fixed_variance,low,memgq_lattice_sticky,defense-none,0.007362500000000008,0.03390115621711365,-0.013074999999999996,0.03125406249999995,8,0.546875,1.0
lira_offline_density_surprise_fixed_variance,low,memguard,defense-none,0.011599999999999992,0.026344042427626224,-0.006512499999999984,0.027413124999999983,8,0.25,1.0
lira_offline_density_surprise_fixed_variance,repetition,dp_qml,defense-none,-0.012487499999999999,0.03625384462370853,-0.03850031250000001,0.008638437499999992,8,0.421875,1.0
lira_offline_density_surprise_fixed_variance,repetition,dynanoise,defense-none,-0.010437499999999975,0.028396827664874273,-0.02922499999999993,0.007374999999999986,8,0.3515625,1.0
lira_offline_density_surprise_fixed_variance,repetition,hamp_full,defense-none,-0.03541250000000002,0.04573487064436869,-0.06595031250000001,-0.006724687500000095,8,0.0625,1.0
lira_offline_density_surprise_fixed_variance,repetition,hamp_train,defense-none,-0.025837500000000006,0.026878825309153604,-0.04485062499999994,-0.010736562500000067,8,0.015625,1.0
lira_offline_density_surprise_fixed_variance,repetition,l2,defense-none,-0.013812499999999991,0.018631266922645277,-0.02644999999999996,-0.00211250000000001,8,0.1015625,1.0
lira_offline_density_surprise_fixed_variance,repetition,lattice_round,defense-none,-0.001962499999999999,0.005568518012644205,-0.005662500000000022,0.0015750000000000208,8,0.359375,1.0
lira_offline_density_surprise_fixed_variance,repetition,logitguard_continuous,defense-none,-0.008074999999999971,0.02096185310783104,-0.02202499999999996,0.004950000000000011,8,0.3125,1.0
lira_offline_density_surprise_fixed_variance,repetition,logitguard_quantized,defense-none,-0.008224999999999955,0.02204581268955303,-0.02261874999999993,0.005675000000000083,8,0.34375,1.0
lira_offline_density_surprise_fixed_variance,repetition,measurementguard_continuous,defense-none,-0.01037499999999996,0.053654070541891724,-0.0443875,0.0252015625000001,8,0.59375,1.0
lira_offline_density_surprise_fixed_variance,repetition,memgq_lattice,defense-none,-0.005562499999999984,0.053083382858614914,-0.040087812500000014,0.028962500000000044,8,0.78125,1.0
lira_offline_density_surprise_fixed_variance,repetition,memgq_lattice_sticky,defense-none,-0.007787499999999982,0.05189534626809724,-0.04226249999999998,0.025137500000000007,8,0.671875,1.0
lira_offline_density_surprise_fixed_variance,repetition,memguard,defense-none,-0.005649999999999988,0.01568602653865631,-0.016613125000000017,0.003687500000000038,8,0.421875,1.0
lira_offline_density_surprise_fixed_variance,stress,dp_qml,defense-none,-0.02768750000000003,0.06549365154621588,-0.07477500000000004,0.009463437499999965,8,0.34375,1.0
lira_offline_density_surprise_fixed_variance,stress,dynanoise,defense-none,0.005274999999999988,0.016926205380162068,-0.005462499999999995,0.016462499999999963,8,0.421875,1.0
lira_offline_density_surprise_fixed_variance,stress,hamp_full,defense-none,-0.02416250000000003,0.05013393311919583,-0.054700312500000015,0.009275624999999975,8,0.2265625,1.0
lira_offline_density_surprise_fixed_variance,stress,hamp_train,defense-none,-0.02425000000000002,0.042190757281660676,-0.05312500000000003,0.0005000000000000076,8,0.1875,1.0
lira_offline_density_surprise_fixed_variance,stress,l2,defense-none,-0.004362500000000012,0.06016201785892114,-0.042850000000000034,0.03503750000000002,8,0.921875,1.0
lira_offline_density_surprise_fixed_variance,stress,lattice_round,defense-none,0.0005999999999999686,0.0029722526329849126,-0.001287500000000018,0.0024749999999999703,8,0.59375,1.0
lira_offline_density_surprise_fixed_variance,stress,logitguard_continuous,defense-none,0.007037499999999974,0.03564815913900743,-0.014075312500000004,0.032624999999999967,8,0.65625,1.0
lira_offline_density_surprise_fixed_variance,stress,logitguard_quantized,defense-none,0.007812499999999986,0.03522583011289949,-0.01272562500000002,0.03256249999999997,8,0.65625,1.0
lira_offline_density_surprise_fixed_variance,stress,measurementguard_continuous,defense-none,-0.0009500000000000064,0.042568566538501815,-0.026550625000000005,0.027825312499999984,8,0.9609375,1.0
lira_offline_density_surprise_fixed_variance,stress,memgq_lattice,defense-none,0.0003874999999999851,0.03673015256084377,-0.021737499999999993,0.025925624999999994,8,0.96875,1.0
lira_offline_density_surprise_fixed_variance,stress,memgq_lattice_sticky,defense-none,-0.010237500000000004,0.03717518133301918,-0.033662812500000014,0.014512499999999998,8,0.484375,1.0
lira_offline_density_surprise_fixed_variance,stress,memguard,defense-none,0.019774999999999973,0.040868980552841924,-0.0033390625000000057,0.049925,8,0.1796875,1.0
lira_offline_fixed_variance,low,dp_qml,defense-none,-0.020287499999999965,0.044871162788588395,-0.049787499999999964,0.007775312500000013,8,0.25,1.0
lira_offline_fixed_variance,low,dynanoise,defense-none,-0.011774999999999924,0.02043762286987963,-0.025212499999999888,0.0014375000000000637,8,0.140625,1.0
lira_offline_fixed_variance,low,hamp_full,defense-none,0.0122875,0.050865465059451546,-0.018354375000000017,0.047462499999999984,8,0.5625,1.0
lira_offline_fixed_variance,low,hamp_train,defense-none,0.023925000000000023,0.02389559134472899,0.008424999999999974,0.03950000000000005,8,0.0234375,1.0
lira_offline_fixed_variance,low,l2,defense-none,0.0024624999999999994,0.02358734149011771,-0.01250187500000001,0.01728749999999999,8,0.7578125,1.0
lira_offline_fixed_variance,low,lattice_round,defense-none,0.0002874999999999822,0.0032255398219301354,-0.00205000000000001,0.0021128124999999836,8,0.8359375,1.0
lira_offline_fixed_variance,low,logitguard_continuous,defense-none,-0.009612499999999975,0.026783653730267212,-0.02876249999999994,0.006062500000000019,8,0.3984375,1.0
lira_offline_fixed_variance,low,logitguard_quantized,defense-none,-0.01088749999999996,0.027125169518890945,-0.02981296874999993,0.004682031250000034,8,0.3359375,1.0
lira_offline_fixed_variance,low,measurementguard_continuous,defense-none,0.004462499999999987,0.022114826151572703,-0.009724999999999984,0.018652499999999923,8,0.578125,1.0
lira_offline_fixed_variance,low,memgq_lattice,defense-none,-0.0024875000000000314,0.016022523209532284,-0.012950625000000044,0.0075131249999999825,8,0.65625,1.0
lira_offline_fixed_variance,low,memgq_lattice_sticky,defense-none,0.0019125000000000045,0.01303176750428408,-0.006512500000000011,0.010449999999999987,8,0.6796875,1.0
lira_offline_fixed_variance,low,memguard,defense-none,-0.010937499999999975,0.023262473612482144,-0.028199999999999975,0.0009250000000000372,8,0.2265625,1.0
lira_offline_fixed_variance,repetition,dp_qml,defense-none,-0.051112499999999964,0.06755644068903739,-0.09771281249999995,-0.011462187499999978,8,0.0703125,1.0
lira_offline_fixed_variance,repetition,dynanoise,defense-none,-0.003087499999999979,0.010967020366274728,-0.009974999999999956,0.0043628125,8,0.4765625,1.0
lira_offline_fixed_variance,repetition,hamp_full,defense-none,0.0015500000000000375,0.022943097312388187,-0.012463437499999959,0.016950937499999968,8,0.84375,1.0
lira_offline_fixed_variance,repetition,hamp_train,defense-none,0.018350000000000033,0.02370364649463991,0.0030737500000000786,0.03403781249999999,8,0.1171875,1.0
lira_offline_fixed_variance,repetition,l2,defense-none,-0.008662500000000017,0.030264072877635904,-0.027937500000000046,0.01116249999999995,8,0.453125,1.0
lira_offline_fixed_variance,repetition,lattice_round,defense-none,-0.0028874999999999873,0.0035930239949896847,-0.005300000000000055,-0.0006375000000000269,8,0.0625,1.0
lira_offline_fixed_variance,repetition,logitguard_continuous,defense-none,-0.005475000000000008,0.026754692512315853,-0.02296249999999997,0.011712812499999968,8,0.5546875,1.0
lira_offline_fixed_variance,repetition,logitguard_quantized,defense-none,-0.006881250000000033,0.02578683132226324,-0.023493750000000008,0.00965624999999995,8,0.4765625,1.0
lira_offline_fixed_variance,repetition,measurementguard_continuous,defense-none,-0.022562499999999985,0.0334323597517648,-0.042762499999999926,0.0006628124999999633,8,0.0703125,1.0
lira_offline_fixed_variance,repetition,memgq_lattice,defense-none,-0.012099999999999944,0.03847292183192888,-0.0337874999999999,0.015763125000000003,8,0.4375,1.0
lira_offline_fixed_variance,repetition,memgq_lattice_sticky,defense-none,-0.007875000000000021,0.027970022217673356,-0.02477593749999998,0.01006249999999996,8,0.4609375,1.0
lira_offline_fixed_variance,repetition,memguard,defense-none,-0.002574999999999994,0.020831758035680548,-0.015999999999999973,0.010625312499999989,8,0.734375,1.0
lira_offline_fixed_variance,stress,dp_qml,defense-none,-0.0792875,0.03601552988444214,-0.10364999999999999,-0.056937499999999946,8,0.0078125,1.0
lira_offline_fixed_variance,stress,dynanoise,defense-none,0.0001375000000000126,0.009656224861271061,-0.006712812500000023,0.005375000000000019,8,0.984375,1.0
lira_offline_fixed_variance,stress,hamp_full,defense-none,-0.0031500000000000278,0.05167665955590731,-0.037775000000000086,0.029837812500000012,8,0.875,1.0
lira_offline_fixed_variance,stress,hamp_train,defense-none,-0.0022374999999999756,0.027547202995170758,-0.020212500000000036,0.015751250000000036,8,0.796875,1.0
lira_offline_fixed_variance,stress,l2,defense-none,-0.037425000000000014,0.02658494471903764,-0.05453750000000003,-0.020186562500000022,8,0.0078125,1.0
lira_offline_fixed_variance,stress,lattice_round,defense-none,0.001387499999999986,0.0018848550531615359,0.00011249999999998761,0.002512499999999959,8,0.078125,1.0
lira_offline_fixed_variance,stress,logitguard_continuous,defense-none,-0.010012500000000035,0.02898666873384581,-0.029662500000000036,0.00761249999999998,8,0.3984375,1.0
lira_offline_fixed_variance,stress,logitguard_quantized,defense-none,-0.008775000000000019,0.028044505446063486,-0.02835640625,0.008137499999999964,8,0.4609375,1.0
lira_offline_fixed_variance,stress,measurementguard_continuous,defense-none,-0.01930000000000004,0.04787200195760117,-0.04981343750000001,0.013099999999999905,8,0.28125,1.0
lira_offline_fixed_variance,stress,memgq_lattice,defense-none,-0.02502500000000002,0.036887541450816595,-0.04801406249999998,0.00028749999999995446,8,0.1328125,1.0
lira_offline_fixed_variance,stress,memgq_lattice_sticky,defense-none,-0.009224999999999997,0.03615315635301726,-0.03220000000000002,0.014649999999999969,8,0.53125,1.0
lira_offline_fixed_variance,stress,memguard,defense-none,-0.0007125000000000326,0.03772390062773765,-0.027287812500000033,0.022363124999999942,8,0.984375,1.0
lira_online,low,dp_qml,defense-none,-0.0365875,0.07813061294122448,-0.08975093749999999,0.011267187499999954,8,0.2421875,1.0
lira_online,low,dynanoise,defense-none,0.002275000000000006,0.056321950808340626,-0.03461249999999999,0.03695218749999998,8,0.921875,1.0
lira_online,low,hamp_full,defense-none,0.012787500000000021,0.061578206662051264,-0.02377687500000003,0.05483843750000005,8,0.625,1.0
lira_online,low,hamp_train,defense-none,0.01497500000000001,0.0329169409271275,-0.006087499999999996,0.035637499999999996,8,0.2421875,1.0
lira_online,low,l2,defense-none,0.006675000000000014,0.04099598412388364,-0.018662500000000047,0.03427687500000004,8,0.65625,1.0
lira_online,low,lattice_round,defense-none,-0.0017624999999999932,0.014053259662542995,-0.01106250000000001,0.007125624999999997,8,0.6953125,1.0
lira_online,low,logitguard_continuous,defense-none,-0.025525,0.038279563738370895,-0.04907625000000001,-0.0005374999999999963,8,0.109375,1.0
lira_online,low,logitguard_quantized,defense-none,-0.025450000000000007,0.03922368089378075,-0.04948749999999996,0.0014374999999999943,8,0.1171875,1.0
lira_online,low,measurementguard_continuous,defense-none,-0.014762499999999998,0.019554096209526754,-0.02677499999999995,-0.0015871875000000024,8,0.078125,1.0
lira_online,low,memgq_lattice,defense-none,-0.03908749999999999,0.03422285942382454,-0.06387499999999997,-0.02123749999999998,8,0.0078125,1.0
lira_online,low,memgq_lattice_sticky,defense-none,-0.025662499999999984,0.02683685831623583,-0.042450000000000015,-0.00797468749999996,8,0.046875,1.0
lira_online,low,memguard,defense-none,-0.005649999999999981,0.036427226865942734,-0.030601875,0.01686250000000005,8,0.6875,1.0
lira_online,repetition,dp_qml,defense-none,-0.04807500000000003,0.04375574248027339,-0.07391250000000006,-0.017786875000000063,8,0.0234375,1.0
lira_online,repetition,dynanoise,defense-none,-0.024075000000000027,0.040596613159227905,-0.050527187500000015,0.0015893749999999229,8,0.1484375,1.0
lira_online,repetition,hamp_full,defense-none,-0.00098750000000003,0.04985603380878647,-0.03414187500000002,0.03136249999999999,8,0.953125,1.0
lira_online,repetition,hamp_train,defense-none,0.04664999999999997,0.03669577632371338,0.030199999999999907,0.07357500000000002,8,0.0078125,1.0
lira_online,repetition,l2,defense-none,-0.02188750000000004,0.01933630467724972,-0.03391250000000004,-0.009300000000000037,8,0.0234375,1.0
lira_online,repetition,lattice_round,defense-none,0.004312499999999948,0.0051797510971639885,0.0011499999999999284,0.007724999999999961,8,0.046875,1.0
lira_online,repetition,logitguard_continuous,defense-none,-0.020250000000000032,0.025118177822900628,-0.0365034375000001,-0.003850000000000034,8,0.0859375,1.0
lira_online,repetition,logitguard_quantized,defense-none,-0.020062500000000053,0.024230850318196814,-0.03588750000000006,-0.004887187500000036,8,0.0703125,1.0
lira_online,repetition,measurementguard_continuous,defense-none,-0.027237500000000046,0.04006116528866468,-0.05333749999999998,-0.0011871875000000816,8,0.125,1.0
lira_online,repetition,memgq_lattice,defense-none,-0.012225000000000055,0.05196217717862539,-0.04633750000000006,0.02077499999999996,8,0.5234375,1.0
lira_online,repetition,memgq_lattice_sticky,defense-none,-0.02096250000000005,0.04657945400833164,-0.04982500000000001,0.0094006249999999,8,0.25,1.0
lira_online,repetition,memguard,defense-none,-0.02443750000000007,0.03350875951577014,-0.04841812500000006,-0.005898125000000072,8,0.046875,1.0
lira_online,stress,dp_qml,defense-none,-0.06926249999999998,0.055806424041374585,-0.10813937499999998,-0.03588749999999999,8,0.0078125,1.0
lira_online,stress,dynanoise,defense-none,0.005987499999999993,0.035621880815829225,-0.017412499999999997,0.02919999999999999,8,0.6328125,1.0
lira_online,stress,hamp_full,defense-none,0.006662499999999974,0.06166661373871599,-0.031374999999999945,0.047000625000000046,8,0.7734375,1.0
lira_online,stress,hamp_train,defense-none,0.029537500000000008,0.06142916797883093,-0.006712499999999982,0.07205000000000002,8,0.21875,1.0
lira_online,stress,l2,defense-none,-0.02341249999999999,0.03150770597352789,-0.04286281249999997,-0.0022246875000000626,8,0.0703125,1.0
lira_online,stress,lattice_round,defense-none,-0.00021249999999999047,0.0035142312713553055,-0.0024999999999999883,0.0019875000000000313,8,0.8828125,1.0
lira_online,stress,logitguard_continuous,defense-none,-0.006800000000000014,0.025691577274607764,-0.0235625,0.010112499999999969,8,0.4765625,1.0
lira_online,stress,logitguard_quantized,defense-none,-0.006212499999999982,0.02547684873426405,-0.022476562499999967,0.010513125000000026,8,0.484375,1.0
lira_online,stress,measurementguard_continuous,defense-none,-0.01586249999999998,0.0375428873803966,-0.03804999999999995,0.010287500000000005,8,0.2890625,1.0
lira_online,stress,memgq_lattice,defense-none,-0.02417500000000001,0.05655805487663601,-0.06051375000000003,0.01158812499999999,8,0.28125,1.0
lira_online,stress,memgq_lattice_sticky,defense-none,-0.025012499999999986,0.03945874654080426,-0.05138750000000002,0.00042500000000003646,8,0.125,1.0
lira_online,stress,memguard,defense-none,-0.00021250000000000435,0.03131902377150352,-0.020487500000000006,0.020575312500000033,8,0.9921875,1.0
lira_online_fixed_variance,low,dp_qml,defense-none,-0.04074999999999999,0.05608687139480278,-0.07681281250000001,-0.005174999999999978,8,0.078125,1.0
lira_online_fixed_variance,low,dynanoise,defense-none,-0.004999999999999984,0.04161435191991203,-0.03260062499999996,0.02127500000000003,8,0.7421875,1.0
lira_online_fixed_variance,low,hamp_full,defense-none,-0.002362499999999962,0.04808355636657034,-0.03316249999999998,0.02858812500000006,8,0.9453125,1.0
lira_online_fixed_variance,low,hamp_train,defense-none,0.010350000000000033,0.03526017583620369,-0.012762812499999955,0.03355000000000006,8,0.4453125,1.0
lira_online_fixed_variance,low,l2,defense-none,0.0010000000000000148,0.04387358463325548,-0.02615093750000002,0.030189999999999998,8,0.953125,1.0
lira_online_fixed_variance,low,lattice_round,defense-none,0.001662500000000032,0.005495436418390421,-0.001662812499999997,0.005312500000000067,8,0.453125,1.0
lira_online_fixed_variance,low,logitguard_continuous,defense-none,-0.0077999999999999875,0.033397176955117465,-0.030075000000000005,0.01382531250000002,8,0.53125,1.0
lira_online_fixed_variance,low,logitguard_quantized,defense-none,-0.010000000000000002,0.03496294977748381,-0.03217531249999998,0.012419218749999952,8,0.4453125,1.0
lira_online_fixed_variance,low,measurementguard_continuous,defense-none,-0.016737499999999954,0.01888377515979562,-0.02856281249999994,-0.004287499999999972,8,0.046875,1.0
lira_online_fixed_variance,low,memgq_lattice,defense-none,-0.031624999999999986,0.023604705947271265,-0.0479253125,-0.017760312500000004,8,0.0078125,1.0
lira_online_fixed_variance,low,memgq_lattice_sticky,defense-none,-0.03344999999999999,0.017759263176478607,-0.045525000000000024,-0.02238749999999995,8,0.0078125,1.0
lira_online_fixed_variance,low,memguard,defense-none,-0.009549999999999989,0.024470623787950924,-0.02677531250000002,0.004337500000000015,8,0.34375,1.0
lira_online_fixed_variance,repetition,dp_qml,defense-none,-0.054850000000000024,0.050413320235259886,-0.08534156250000002,-0.01999968750000001,8,0.0234375,1.0
lira_online_fixed_variance,repetition,dynanoise,defense-none,-0.009975000000000012,0.02587280701541953,-0.026887499999999967,0.006199999999999969,8,0.3125,1.0
lira_online_fixed_variance,repetition,hamp_full,defense-none,0.01342500000000002,0.042241846212358804,-0.013099999999999987,0.04083750000000004,8,0.3828125,1.0
lira_online_fixed_variance,repetition,hamp_train,defense-none,0.04586249999999999,0.03639980131421445,0.022074062499999915,0.06998750000000005,8,0.015625,1.0
lira_online_fixed_variance,repetition,l2,defense-none,-0.02087500000000002,0.03702569571064319,-0.04508906249999996,0.0019749999999999907,8,0.1953125,1.0
lira_online_fixed_variance,repetition,lattice_round,defense-none,-0.0006375000000000131,0.005541773181933745,-0.003762500000000016,0.003349999999999979,8,0.765625,1.0
lira_online_fixed_variance,repetition,logitguard_continuous,defense-none,-0.010437499999999988,0.028915785975335822,-0.02743812499999996,0.009274999999999978,8,0.3359375,1.0
lira_online_fixed_variance,repetition,logitguard_quantized,defense-none,-0.00863125000000002,0.03028995516550946,-0.026137500000000063,0.012174999999999991,8,0.4453125,1.0
lira_online_fixed_variance,repetition,measurementguard_continuous,defense-none,-0.022437500000000006,0.04674208680163345,-0.052775312500000046,0.007600000000000051,8,0.2265625,1.0
lira_online_fixed_variance,repetition,memgq_lattice,defense-none,-0.00950000000000005,0.058420348705371036,-0.04862718750000011,0.025725624999999933,8,0.6640625,1.0
lira_online_fixed_variance,repetition,memgq_lattice_sticky,defense-none,-0.014712500000000003,0.05132082388549235,-0.048850000000000046,0.016962500000000047,8,0.4765625,1.0
lira_online_fixed_variance,repetition,memguard,defense-none,0.0005875000000000047,0.031214897427807975,-0.021687500000000012,0.018088124999999997,8,0.9375,1.0
lira_online_fixed_variance,stress,dp_qml,defense-none,-0.09551249999999999,0.049694824033437175,-0.130000625,-0.06483749999999999,8,0.0078125,1.0
lira_online_fixed_variance,stress,dynanoise,defense-none,-0.0004749999999999893,0.014921197768850316,-0.010199999999999987,0.009337499999999985,8,0.9296875,1.0
lira_online_fixed_variance,stress,hamp_full,defense-none,-0.007612499999999994,0.051051470875690036,-0.03920468749999995,0.026349999999999985,8,0.6640625,1.0
lira_online_fixed_variance,stress,hamp_train,defense-none,0.023150000000000004,0.04165844109284113,-0.0016506250000000117,0.05220000000000001,8,0.1953125,1.0
lira_online_fixed_variance,stress,l2,defense-none,-0.03258749999999999,0.0349982218936089,-0.05448843750000002,-0.009285937499999973,8,0.0390625,1.0
lira_online_fixed_variance,stress,lattice_round,defense-none,0.00010000000000001674,0.0029032002047002198,-0.0019124999999999698,0.0018500000000000322,8,0.9140625,1.0
lira_online_fixed_variance,stress,logitguard_continuous,defense-none,0.0006000000000000033,0.03676997999144723,-0.022401875,0.024600312499999992,8,0.96875,1.0
lira_online_fixed_variance,stress,logitguard_quantized,defense-none,0.0002624999999999711,0.036210937081021737,-0.022662500000000002,0.023764531249999936,8,0.984375,1.0
lira_online_fixed_variance,stress,measurementguard_continuous,defense-none,-0.02264999999999999,0.05365426357709145,-0.056525312499999994,0.013912500000000008,8,0.25,1.0
lira_online_fixed_variance,stress,memgq_lattice,defense-none,-0.023587500000000025,0.046122490253051804,-0.05381687500000002,0.004888437499999961,8,0.2109375,1.0
lira_online_fixed_variance,stress,memgq_lattice_sticky,defense-none,-0.031062499999999993,0.04413339964568464,-0.05885,-0.002573749999999998,8,0.1015625,1.0
lira_online_fixed_variance,stress,memguard,defense-none,0.003049999999999997,0.02383035279398348,-0.013375000000000012,0.017337500000000006,8,0.734375,1.0
loss,low,dp_qml,defense-none,0.0005850000000000091,0.009356028995862973,-0.005706249999999968,0.006512093750000024,8,0.9296875,1.0
loss,low,dynanoise,defense-none,0.017555000000000022,0.009634830786563608,0.011055000000000058,0.023532500000000053,8,0.0078125,1.0
loss,low,hamp_full,defense-none,0.0035831250000000134,0.010731710334165218,-0.003087499999999979,0.01067626562500001,8,0.375,1.0
loss,low,hamp_output,defense-none,-0.006449374999999993,0.010644055496412771,-0.013891250000000008,-0.0002798281249999218,8,0.1015625,1.0
loss,low,hamp_train,defense-none,0.009545625000000016,0.009161139759682094,0.0032875000000000335,0.015239375,8,0.0390625,1.0
loss,low,l2,defense-none,-0.003355625000000022,0.00427549615959533,-0.0061612500000000694,-0.0005650000000000238,8,0.0546875,1.0
loss,low,lattice_round,defense-none,0.0003968750000000118,0.0009843995178352271,-0.00025882812499997387,0.0010118750000000093,8,0.28125,1.0
loss,low,logitguard_continuous,defense-none,8.937500000000265e-05,0.012067326736007893,-0.00807815624999999,0.007909281249999957,8,0.984375,1.0
loss,low,logitguard_quantized,defense-none,-0.00013125000000002718,0.012156447657225218,-0.008389546875000032,0.007895624999999955,8,0.953125,1.0
loss,low,measurementguard_continuous,defense-none,0.005978750000000026,0.008593222308474124,6.500000000007888e-05,0.011026281250000014,8,0.109375,1.0
loss,low,memgq_lattice,defense-none,0.00692437500000001,0.010509823444724748,-0.0002331562500000315,0.013371312500000001,8,0.1171875,1.0
loss,low,memgq_lattice_sticky,defense-none,0.003845625000000026,0.012640056915982842,-0.004733859374999944,0.011555734375000046,8,0.390625,1.0
loss,low,memguard,defense-none,-0.0003331249999999966,0.005854467730777427,-0.003926874999999996,0.003660703124999999,8,0.859375,1.0
loss,repetition,dp_qml,defense-none,-0.03449062500000001,0.01622760224289378,-0.04539562500000001,-0.024338749999999992,8,0.0078125,1.0
loss,repetition,dynanoise,defense-none,0.011978749999999955,0.005503792036924564,0.008252499999999982,0.015315218749999937,8,0.0078125,1.0
loss,repetition,hamp_full,defense-none,-0.00043624999999998526,0.010530320762310218,-0.007164999999999949,0.00663625000000001,8,0.8671875,1.0
loss,repetition,hamp_output,defense-none,-0.009176249999999983,0.023283953970492217,-0.024210156249999983,0.005103750000000046,8,0.3203125,1.0
loss,repetition,hamp_train,defense-none,0.016171875000000044,0.005762820451269613,0.012442437500000023,0.01984821875000005,8,0.0078125,1.0
loss,repetition,l2,defense-none,-0.01427875000000002,0.006573058512921201,-0.018616343750000028,-0.010135000000000019,8,0.0078125,1.0
loss,repetition,lattice_round,defense-none,-0.0007687500000000125,0.0007840223666634293,-0.0013381249999999817,-0.00029875000000002816,8,0.015625,1.0
loss,repetition,logitguard_continuous,defense-none,0.0033249999999999946,0.00998785405236918,-0.001973874999999997,0.010648812499999957,8,0.4921875,1.0
loss,repetition,logitguard_quantized,defense-none,0.0030024999999999774,0.009823212305554586,-0.0018938437500000405,0.010314374999999917,8,0.5625,1.0
loss,repetition,measurementguard_continuous,defense-none,-0.0066887499999999656,0.017256734865387625,-0.01828674999999995,0.0037738125000000323,8,0.328125,1.0
loss,repetition,memgq_lattice,defense-none,-0.012713749999999982,0.01935230546435524,-0.026064374999999973,-0.0007756249999999743,8,0.09375,1.0
loss,repetition,memgq_lattice_sticky,defense-none,-0.005764375000000002,0.016985309080307303,-0.017731249999999935,0.004704062499999961,8,0.390625,1.0
loss,repetition,memguard,defense-none,0.00037500000000000033,0.007320130268161693,-0.004107499999999987,0.005226250000000002,8,0.8828125,1.0
loss,stress,dp_qml,defense-none,-0.05709374999999999,0.014696063552141174,-0.06655250000000004,-0.04753928125000004,8,0.0078125,1.0
loss,stress,dynanoise,defense-none,0.007376875000000019,0.008228328652327496,0.0021546250000000463,0.012752499999999972,8,0.0546875,1.0
loss,stress,hamp_full,defense-none,0.0018181250000000315,0.019405438107010165,-0.010601249999999993,0.014209687500000035,8,0.8125,1.0
loss,stress,hamp_output,defense-none,-0.0001631249999999862,0.020289226370081903,-0.013783124999999966,0.012805953124999969,8,0.9765625,1.0
loss,stress,hamp_train,defense-none,0.016195625000000047,0.01632744303257996,0.006424437500000028,0.027356875000000058,8,0.0234375,1.0
loss,stress,l2,defense-none,-0.019779999999999978,0.014641719258923908,-0.029181437500000018,-0.009931156249999963,8,0.0078125,1.0
loss,stress,lattice_round,defense-none,0.00045500000000002483,0.0005621895968951836,8.12500000000313e-05,0.0008050000000000418,8,0.0625,1.0
loss,stress,logitguard_continuous,defense-none,-0.003968749999999965,0.009691185151613683,-0.010104999999999961,0.0023250000000000215,8,0.3046875,1.0
loss,stress,logitguard_quantized,defense-none,-0.003943749999999968,0.009540138419930186,-0.010033499999999976,0.0023456250000000317,8,0.2734375,1.0
loss,stress,measurementguard_continuous,defense-none,-0.007711249999999975,0.02013897602553669,-0.020666312499999968,0.00477625000000001,8,0.3046875,1.0
loss,stress,memgq_lattice,defense-none,-0.007554375000000002,0.020005073541747204,-0.02199312499999999,0.004131249999999989,8,0.3671875,1.0
loss,stress,memgq_lattice_sticky,defense-none,0.0006506250000000297,0.02134950056918358,-0.013111249999999963,0.013760937499999968,8,0.90625,1.0
loss,stress,memguard,defense-none,0.002168750000000025,0.00481585606542146,-0.0009650312499999248,0.005186249999999976,8,0.2421875,1.0
margin,low,dp_qml,defense-none,0.010675624999999994,0.010562987752897268,0.0037747499999999873,0.01729509375000003,8,0.046875,1.0
margin,low,dynanoise,defense-none,0.031225624999999993,0.018791757964882205,0.017719999999999993,0.04182482812499998,8,0.015625,1.0
margin,low,hamp_full,defense-none,0.007822500000000017,0.012849463301743686,0.0001281562499999764,0.01686665625000003,8,0.109375,1.0
margin,low,hamp_output,defense-none,0.0007475000000000537,0.012140713970532624,-0.007258749999999939,0.008340000000000077,8,0.8671875,1.0
margin,low,hamp_train,defense-none,0.01027625,0.01209881923105367,0.0022830625000000017,0.017760187500000003,8,0.0625,1.0
margin,low,l2,defense-none,0.0034187499999999843,0.009087507024953097,-0.0026075000000000195,0.009361249999999974,8,0.296875,1.0
margin,low,lattice_round,defense-none,0.0004287499999999986,0.0017067591469549226,-0.0006814531250000002,0.001521890624999999,8,0.5078125,1.0
margin,low,logitguard_continuous,defense-none,0.0005275000000000002,0.014696626192040544,-0.00944375,0.010058937500000037,8,0.9453125,1.0
margin,low,logitguard_quantized,defense-none,6.749999999998424e-05,0.015176405559759075,-0.010370656250000042,0.00959999999999999,8,0.9609375,1.0
margin,low,measurementguard_continuous,defense-none,0.006396874999999989,0.008938381499985685,0.0011156249999999743,0.012614375000000032,8,0.0703125,1.0
margin,low,memgq_lattice,defense-none,0.007137499999999991,0.013452489413806354,-0.0014918750000000244,0.01585437500000001,8,0.2109375,1.0
margin,low,memgq_lattice_sticky,defense-none,0.004473750000000033,0.0166795344552196,-0.006345218749999976,0.015158968750000043,8,0.4765625,1.0
margin,low,memguard,defense-none,-0.00027375000000000316,0.010236358082136165,-0.007366249999999998,0.00583631250000002,8,0.90625,1.0
margin,repetition,dp_qml,defense-none,-0.018136250000000027,0.021568218641258775,-0.033033750000000035,-0.005515000000000041,8,0.015625,1.0
margin,repetition,dynanoise,defense-none,0.017870000000000004,0.011902870002050528,0.010096249999999994,0.025688468750000002,8,0.015625,1.0
margin,repetition,hamp_full,defense-none,-0.011045000000000013,0.017802130691095902,-0.022306281250000035,0.0006200000000000302,8,0.1171875,1.0
margin,repetition,hamp_output,defense-none,-0.018703750000000005,0.02752053463844254,-0.03558000000000001,0.0002275000000000263,8,0.09375,1.0
margin,repetition,hamp_train,defense-none,0.01750187500000002,0.008287537087829103,0.01201374999999999,0.02257750000000002,8,0.0078125,1.0
margin,repetition,l2,defense-none,-0.004308750000000028,0.009662029419330134,-0.01053250000000009,0.001891250000000011,8,0.2421875,1.0
margin,repetition,lattice_round,defense-none,-0.0006443750000000234,0.001196824481403076,-0.00140000000000004,0.00014187499999998576,8,0.15625,1.0
margin,repetition,logitguard_continuous,defense-none,-0.001225624999999994,0.012034518637622598,-0.007769218749999971,0.007447468749999984,8,0.828125,1.0
margin,repetition,logitguard_quantized,defense-none,-0.002523750000000005,0.01243758553452284,-0.009505000000000027,0.006333874999999984,8,0.6015625,1.0
margin,repetition,measurementguard_continuous,defense-none,-0.01180125,0.026409617532525635,-0.030312218749999984,0.0030100000000000057,8,0.28125,1.0
margin,repetition,memgq_lattice,defense-none,-0.01880500000000003,0.030028618135752732,-0.03957500000000003,-0.0019131249999999878,8,0.0859375,1.0
margin,repetition,memgq_lattice_sticky,defense-none,-0.010599375000000029,0.034259392084246665,-0.03397854687500001,0.010534999999999975,8,0.4453125,1.0
margin,repetition,memguard,defense-none,0.0008731250000000093,0.010182085436652234,-0.005061875000000035,0.008308031249999955,8,0.8515625,1.0
margin,stress,dp_qml,defense-none,-0.02547000000000004,0.018667285363896422,-0.036070062500000034,-0.012154937500000056,8,0.0234375,1.0
margin,stress,dynanoise,defense-none,0.008948124999999967,0.015710077734076094,-0.0010662500000000186,0.019225656249999973,8,0.171875,1.0
margin,stress,hamp_full,defense-none,-0.014790624999999974,0.028141208020255385,-0.034087000000000006,0.00231937500000004,8,0.15625,1.0
margin,stress,hamp_output,defense-none,-0.01042000000000002,0.023763233906905105,-0.025380000000000034,0.005487499999999965,8,0.25,1.0
margin,stress,hamp_train,defense-none,0.010829374999999995,0.01899107655819663,-0.0013475000000000292,0.02368812499999995,8,0.15625,1.0
margin,stress,l2,defense-none,-0.011121250000000013,0.01945472211315288,-0.02298500000000002,0.0021849999999999786,8,0.1484375,1.0
margin,stress,lattice_round,defense-none,0.0003900000000000223,0.0009503232532745095,-0.00027249999999995334,0.0009425000000000128,8,0.28125,1.0
margin,stress,logitguard_continuous,defense-none,-0.012003750000000021,0.012596259010969448,-0.021045218750000063,-0.005538750000000009,8,0.0078125,1.0
margin,stress,logitguard_quantized,defense-none,-0.011793124999999988,0.012616922858237394,-0.021004374999999957,-0.005120546874999991,8,0.0078125,1.0
margin,stress,measurementguard_continuous,defense-none,-0.017414374999999996,0.016154436683263537,-0.027366875000000027,-0.0063864062499999945,8,0.03125,1.0
margin,stress,memgq_lattice,defense-none,-0.011653125000000014,0.030367394043317952,-0.031618093749999986,0.0078117187499999715,8,0.3203125,1.0
margin,stress,memgq_lattice_sticky,defense-none,-0.009162499999999997,0.024051486886023713,-0.026408312499999944,0.005181249999999998,8,0.421875,1.0
margin,stress,memguard,defense-none,0.0007087500000000357,0.00596961218529794,-0.003167499999999962,0.004636812500000097,8,0.8046875,1.0
maximum_probability,low,dp_qml,defense-none,0.010676874999999975,0.01056399070207711,0.003476874999999942,0.017145234375000002,8,0.046875,1.0
maximum_probability,low,dynanoise,defense-none,0.031226249999999997,0.018791433981243374,0.017967328125000005,0.04170499999999999,8,0.015625,1.0
maximum_probability,low,hamp_full,defense-none,0.007823125000000021,0.012849473290344861,0.00019687500000000607,0.016735109375000053,8,0.109375,1.0
maximum_probability,low,hamp_output,defense-none,0.0007481250000000439,0.012141784388013152,-0.007160656249999983,0.008130000000000047,8,0.8671875,1.0
maximum_probability,low,hamp_train,defense-none,0.010276874999999977,0.012098890426546202,0.0021892812499999933,0.017915203124999942,8,0.0625,1.0
maximum_probability,low,l2,defense-none,0.0034193749999999745,0.009088629645842429,-0.002648750000000026,0.009103749999999987,8,0.296875,1.0
maximum_probability,low,lattice_round,defense-none,0.0004293749999999888,0.001706622473734938,-0.0006718906250000097,0.0015287656249999679,8,0.5078125,1.0
maximum_probability,low,logitguard_continuous,defense-none,0.0005281250000000043,0.014695326258347794,-0.009279499999999986,0.009845406250000034,8,0.9453125,1.0
maximum_probability,low,logitguard_quantized,defense-none,6.812499999997446e-05,0.01517503752348859,-0.010368765625000071,0.00959999999999999,8,0.9609375,1.0
maximum_probability,low,measurementguard_continuous,defense-none,0.00639749999999998,0.008937944394546253,0.0011272500000000022,0.01261584375000001,8,0.0703125,1.0
maximum_probability,low,memgq_lattice,defense-none,0.007138124999999981,0.013451305018340399,-0.0014772187500000573,0.015581875000000009,8,0.2109375,1.0
maximum_probability,low,memgq_lattice_sticky,defense-none,0.0044743750000000235,0.01667844512226574,-0.0060624999999999915,0.015078562500000047,8,0.46875,1.0
maximum_probability,low,memguard,defense-none,-0.00027312500000001294,0.010235953070811599,-0.007490125000000051,0.005666249999999998,8,0.90625,1.0
maximum_probability,repetition,dp_qml,defense-none,-0.01813750000000002,0.0215670300624422,-0.033140000000000044,-0.004921734375000022,8,0.015625,1.0
maximum_probability,repetition,dynanoise,defense-none,0.017870000000000004,0.011902870002050528,0.010223312499999998,0.025483875000000007,8,0.015625,1.0
maximum_probability,repetition,hamp_full,defense-none,-0.011045000000000013,0.017802130691095902,-0.02221875000000005,0.0006200000000000302,8,0.1171875,1.0
maximum_probability,repetition,hamp_output,defense-none,-0.01870375000000002,0.027520534638442534,-0.03536550000000002,0.0003363437499999959,8,0.09375,1.0
maximum_probability,repetition,hamp_train,defense-none,0.01750187500000002,0.008287537087829103,0.011961828125000039,0.022660062500000022,8,0.0078125,1.0
maximum_probability,repetition,l2,defense-none,-0.004308750000000028,0.009662029419330134,-0.010555437500000072,0.0018625624999999888,8,0.2421875,1.0
maximum_probability,repetition,lattice_round,defense-none,-0.0006443750000000234,0.001196824481403076,-0.0013893906250000466,0.00014499999999997154,8,0.15625,1.0
maximum_probability,repetition,logitguard_continuous,defense-none,-0.00122499999999999,0.012036077908877613,-0.00777390625000003,0.007472500000000021,8,0.828125,1.0
maximum_probability,repetition,logitguard_quantized,defense-none,-0.002523750000000005,0.01243758553452284,-0.009474828125000022,0.006629906249999999,8,0.6015625,1.0
maximum_probability,repetition,measurementguard_continuous,defense-none,-0.01180125,0.026409617532525652,-0.030297843749999984,0.0030625000000000235,8,0.28125,1.0
maximum_probability,repetition,memgq_lattice,defense-none,-0.018804375000000012,0.030028619496062194,-0.039761296875000074,-0.0019331250000000078,8,0.0859375,1.0
maximum_probability,repetition,memgq_lattice_sticky,defense-none,-0.010599375000000029,0.034259392084246665,-0.03358321874999999,0.010789999999999973,8,0.4453125,1.0
maximum_probability,repetition,memguard,defense-none,0.0008737500000000203,0.010181990666297587,-0.005001328124999944,0.008195000000000029,8,0.8515625,1.0
maximum_probability,stress,dp_qml,defense-none,-0.025469375000000044,0.01866698430719324,-0.03581687499999996,-0.012342500000000055,8,0.0234375,1.0
maximum_probability,stress,dynanoise,defense-none,0.00894812499999998,0.01571007773407608,-0.0012718749999999918,0.019228421874999933,8,0.171875,1.0
maximum_probability,stress,hamp_full,defense-none,-0.014790624999999974,0.028141208020255385,-0.033645624999999985,0.0026262500000000383,8,0.15625,1.0
maximum_probability,stress,hamp_output,defense-none,-0.010420625000000017,0.023762827579090214,-0.025304906249999978,0.004893296874999914,8,0.25,1.0
maximum_probability,stress,hamp_train,defense-none,0.010829374999999995,0.01899107655819663,-0.0010799999999999699,0.02376948437500002,8,0.15625,1.0
maximum_probability,stress,l2,defense-none,-0.011121250000000013,0.01945472211315288,-0.02260750000000003,0.0020238124999999493,8,0.1484375,1.0
maximum_probability,stress,lattice_round,defense-none,0.0003900000000000223,0.0009503232532745095,-0.0002837499999999715,0.0009475312500000483,8,0.28125,1.0
maximum_probability,stress,logitguard_continuous,defense-none,-0.012003750000000021,0.012596259010969448,-0.021293750000000035,-0.0055787499999999865,8,0.0078125,1.0
maximum_probability,stress,logitguard_quantized,defense-none,-0.011793124999999988,0.012616922858237394,-0.020671562499999935,-0.005109218750000001,8,0.0078125,1.0
maximum_probability,stress,measurementguard_continuous,defense-none,-0.01740312499999999,0.01614422916301228,-0.027209375000000008,-0.0065958437500000045,8,0.03125,1.0
maximum_probability,stress,memgq_lattice,defense-none,-0.011653125000000014,0.030367394043317952,-0.031623124999999974,0.007404374999999977,8,0.3203125,1.0
maximum_probability,stress,memgq_lattice_sticky,defense-none,-0.009167499999999995,0.024058939977836556,-0.02585678125,0.0051112500000000324,8,0.421875,1.0
maximum_probability,stress,memguard,defense-none,0.0007087500000000357,0.00596961218529794,-0.003230124999999982,0.004588125000000056,8,0.8046875,1.0
nearby_query_logistic_q32,low,lattice_round,defense-none,0.003149999999999993,0.04526865834737571,-0.022837500000000004,0.03452499999999997,8,0.875,1.0
nearby_query_logistic_q32,low,logitguard_continuous,defense-none,-0.012712500000000022,0.04330672786728904,-0.03900093750000004,0.016826249999999973,8,0.4140625,1.0
nearby_query_logistic_q32,low,logitguard_quantized,defense-none,-0.010862500000000018,0.04578549169769831,-0.038787500000000044,0.02087499999999999,8,0.515625,1.0
nearby_query_logistic_q32,low,measurementguard_continuous,defense-none,-0.0020499999999999893,0.05456097506460088,-0.03844999999999998,0.031975,8,0.9140625,1.0
nearby_query_logistic_q32,low,memgq_lattice,defense-none,0.001925000000000003,0.051086642089689195,-0.028350937500000027,0.03665125000000003,8,0.90625,1.0
nearby_query_logistic_q32,low,memgq_lattice_sticky,defense-none,0.00197499999999997,0.05044368146755352,-0.030365000000000027,0.03456249999999997,8,0.9140625,1.0
nearby_query_logistic_q32,repetition,lattice_round,defense-none,-0.004650000000000015,0.039892749072625064,-0.033475,0.017474999999999977,8,0.828125,1.0
nearby_query_logistic_q32,repetition,logitguard_continuous,defense-none,-0.015324999999999991,0.0468150082772608,-0.049649999999999965,0.009962812500000008,8,0.4921875,1.0
nearby_query_logistic_q32,repetition,logitguard_quantized,defense-none,-0.013899999999999982,0.04629285659179579,-0.04712499999999997,0.011000937500000009,8,0.5390625,1.0
nearby_query_logistic_q32,repetition,measurementguard_continuous,defense-none,0.010874999999999996,0.02907349062535933,-0.008654375000000021,0.02832499999999996,8,0.3203125,1.0
nearby_query_logistic_q32,repetition,memgq_lattice,defense-none,-0.011712499999999994,0.035471535368920414,-0.034987812499999986,0.010901250000000017,8,0.3828125,1.0
nearby_query_logistic_q32,repetition,memgq_lattice_sticky,defense-none,0.011437499999999982,0.01868910587940011,0.001249374999999988,0.024975937499999955,8,0.1015625,1.0
nearby_query_logistic_q32,stress,lattice_round,defense-none,-0.01819999999999998,0.02147689788719832,-0.03342562499999998,-0.006449999999999977,8,0.0078125,1.0
nearby_query_logistic_q32,stress,logitguard_continuous,defense-none,0.008875000000000043,0.05876509532512842,-0.027612500000000005,0.04841250000000002,8,0.671875,1.0
nearby_query_logistic_q32,stress,logitguard_quantized,defense-none,0.009075000000000027,0.057362101724794834,-0.02706249999999994,0.04813749999999999,8,0.6328125,1.0
nearby_query_logistic_q32,stress,measurementguard_continuous,defense-none,-0.01272499999999998,0.04395984368879006,-0.039312499999999986,0.017512499999999993,8,0.4296875,1.0
nearby_query_logistic_q32,stress,memgq_lattice,defense-none,-0.008162499999999955,0.039261902199023806,-0.03336249999999996,0.01630000000000003,8,0.59375,1.0
nearby_query_logistic_q32,stress,memgq_lattice_sticky,defense-none,-0.024075,0.048464589429514676,-0.05505000000000002,0.006837499999999989,8,0.2265625,1.0
