outcome,attack,factor,contrast,mean_difference,sd_across_blocks,ci95_low,ci95_high,n_independent_blocks,bootstrap_replicates,inference_unit,paired_sign_flip_pvalue,holm_pvalue,multiplicity_family
train_acc,target_model,repetitions,5 - 1,0.033854169150193535,0.019699816376796592,0.022395834295699992,0.04812760902568695,8,10000,paired split/init block,0.0078125,0.0390625,5 prespecified estimable contrasts within outcome × attack
train_acc,target_model,depth,6 - 2,0.013020835816860199,0.007304839171584986,0.008124995976686478,0.017500005662441254,8,10000,paired split/init block,0.015625,0.046875,5 prespecified estimable contrasts within outcome × attack
train_acc,target_model,feature_map,Z - EfficientSU2,0.006562506780028343,0.009228021831965291,0.0010937508195638657,0.012968765571713448,8,10000,paired split/init block,0.109375,0.109375,5 prespecified estimable contrasts within outcome × attack
train_acc,target_model,feature_map,ZZ - EfficientSU2,0.01453125849366188,0.0073173443567749194,0.009687501937150955,0.01921875588595867,8,10000,paired split/init block,0.0078125,0.0390625,5 prespecified estimable contrasts within outcome × attack
train_acc,target_model,feature_map,ZZ - Z,0.007968751713633537,0.007468309653058128,0.003437500447034836,0.012812500819563866,8,10000,paired split/init block,0.03125,0.0625,5 prespecified estimable contrasts within outcome × attack
valid_acc,target_model,repetitions,5 - 1,-0.015416654447714487,0.010792037765322976,-0.022291649132966995,-0.008333324113239846,8,10000,paired split/init block,0.015625,0.078125,5 prespecified estimable contrasts within outcome × attack
valid_acc,target_model,depth,6 - 2,0.0020833387970924373,0.009748829725970328,-0.0038541605385641257,0.008645839989185333,8,10000,paired split/init block,0.546875,0.65625,5 prespecified estimable contrasts within outcome × attack
valid_acc,target_model,feature_map,Z - EfficientSU2,-0.01093750074505806,0.007462704726696344,-0.01562500186264515,-0.005937501788139343,8,10000,paired split/init block,0.015625,0.078125,5 prespecified estimable contrasts within outcome × attack
valid_acc,target_model,feature_map,ZZ - EfficientSU2,-0.005000000819563866,0.01122018958281869,-0.011718742549419403,0.0028124991804361343,8,10000,paired split/init block,0.21875,0.65625,5 prespecified estimable contrasts within outcome × attack
valid_acc,target_model,feature_map,ZZ - Z,0.005937499925494194,0.011644855205648237,-0.0006249994039535522,0.014375001192092896,8,10000,paired split/init block,0.21875,0.65625,5 prespecified estimable contrasts within outcome × attack
test_acc,target_model,repetitions,5 - 1,-0.015687497953573864,0.009247561566791558,-0.021833329151074093,-0.009958329300085705,8,10000,paired split/init block,0.0078125,0.0390625,5 prespecified estimable contrasts within outcome × attack
test_acc,target_model,depth,6 - 2,0.0016249964634577436,0.0030085809050742346,-0.00010416532556215918,0.0036874947448571524,8,10000,paired split/init block,0.1875,0.375,5 prespecified estimable contrasts within outcome × attack
test_acc,target_model,feature_map,Z - EfficientSU2,-0.007203124463558197,0.0038550429747826187,-0.009624995291233063,-0.004703123075887561,8,10000,paired split/init block,0.0078125,0.0390625,5 prespecified estimable contrasts within outcome × attack
test_acc,target_model,feature_map,ZZ - EfficientSU2,-0.007781241089105606,0.0071846727824592255,-0.012624995829537512,-0.0033902213908731994,8,10000,paired split/init block,0.015625,0.046875,5 prespecified estimable contrasts within outcome × attack
test_acc,target_model,feature_map,ZZ - Z,-0.0005781166255474091,0.005158176756651262,-0.0042968615889549255,0.002390632452443242,8,10000,paired split/init block,0.796875,0.796875,5 prespecified estimable contrasts within outcome × attack
gap,target_model,repetitions,5 - 1,0.04954166710376738,0.027723550352758673,0.03323933125163117,0.06864869706332677,8,10000,paired split/init block,0.0078125,0.0390625,5 prespecified estimable contrasts within outcome × attack
gap,target_model,depth,6 - 2,0.011395839353402456,0.009438686481694889,0.00452057824780543,0.01699011807019512,8,10000,paired split/init block,0.015625,0.0390625,5 prespecified estimable contrasts within outcome × attack
gap,target_model,feature_map,Z - EfficientSU2,0.013765631243586533,0.011528599309021984,0.006921865046024312,0.022031262563541532,8,10000,paired split/init block,0.0078125,0.0390625,5 prespecified estimable contrasts within outcome × attack
gap,target_model,feature_map,ZZ - EfficientSU2,0.022312499582767466,0.013066460599922407,0.014015627652406675,0.030735162040218672,8,10000,paired split/init block,0.0078125,0.0390625,5 prespecified estimable contrasts within outcome × attack
gap,target_model,feature_map,ZZ - Z,0.008546868339180932,0.005996631572151087,0.004765618592500678,0.012374997185543152,8,10000,paired split/init block,0.015625,0.0390625,5 prespecified estimable contrasts within outcome × attack
train_loss,target_model,repetitions,5 - 1,-0.05670608580112457,0.016282039095837763,-0.06828329587976138,-0.04729678506652515,8,10000,paired split/init block,0.0078125,0.0390625,5 prespecified estimable contrasts within outcome × attack
train_loss,target_model,depth,6 - 2,-0.03199163327614466,0.011037072605576249,-0.03982108024259409,-0.025771191172922647,8,10000,paired split/init block,0.0078125,0.0390625,5 prespecified estimable contrasts within outcome × attack
train_loss,target_model,feature_map,Z - EfficientSU2,-0.012277792207896703,0.014875721539226991,-0.021732042217627156,-0.00248625688254832,8,10000,paired split/init block,0.0546875,0.0546875,5 prespecified estimable contrasts within outcome × attack
train_loss,target_model,feature_map,ZZ - EfficientSU2,-0.027363114058971405,0.010705448081510353,-0.03436975195072591,-0.020480692386627204,8,10000,paired split/init block,0.0078125,0.0390625,5 prespecified estimable contrasts within outcome × attack
train_loss,target_model,feature_map,ZZ - Z,-0.015085321851074699,0.011225807279639026,-0.022631299681961543,-0.007998083718121055,8,10000,paired split/init block,0.0078125,0.0390625,5 prespecified estimable contrasts within outcome × attack
valid_loss,target_model,repetitions,5 - 1,0.029805500681201615,0.0244250978600008,0.015346432492757838,0.046547407905260726,8,10000,paired split/init block,0.0078125,0.0390625,5 prespecified estimable contrasts within outcome × attack
valid_loss,target_model,depth,6 - 2,0.0014826860278844838,0.013896227209547826,-0.007116329902783035,0.010855849692597976,8,10000,paired split/init block,0.765625,1.0,5 prespecified estimable contrasts within outcome × attack
valid_loss,target_model,feature_map,Z - EfficientSU2,0.015986699610948566,0.036622833092663794,-0.01076796830166131,0.03542546089738609,8,10000,paired split/init block,0.28125,1.0,5 prespecified estimable contrasts within outcome × attack
valid_loss,target_model,feature_map,ZZ - EfficientSU2,0.012343936599791048,0.04117557060263759,-0.016018648631870747,0.0365048974053934,8,10000,paired split/init block,0.4375,1.0,5 prespecified estimable contrasts within outcome × attack
valid_loss,target_model,feature_map,ZZ - Z,-0.003642763011157518,0.015912116790650535,-0.014864341355860245,0.005911730090156183,8,10000,paired split/init block,0.6015625,1.0,5 prespecified estimable contrasts within outcome × attack
test_loss,target_model,repetitions,5 - 1,0.038049567490816116,0.025322383661556088,0.02335188041130702,0.05518792344567672,8,10000,paired split/init block,0.0078125,0.0390625,5 prespecified estimable contrasts within outcome × attack
test_loss,target_model,depth,6 - 2,0.00429672375321388,0.007345112760305846,0.00018641354205707595,0.00962379512687524,8,10000,paired split/init block,0.1171875,0.21875,5 prespecified estimable contrasts within outcome × attack
test_loss,target_model,feature_map,Z - EfficientSU2,0.015313550829887392,0.012767388790476708,0.006831652484834198,0.02330812718719244,8,10000,paired split/init block,0.0234375,0.0703125,5 prespecified estimable contrasts within outcome × attack
test_loss,target_model,feature_map,ZZ - EfficientSU2,0.02296868059784174,0.014130481271725687,0.0142827108502388,0.03218178984243422,8,10000,paired split/init block,0.015625,0.0625,5 prespecified estimable contrasts within outcome × attack
test_loss,target_model,feature_map,ZZ - Z,0.0076551297679543495,0.011479471066564781,0.0001527806743979454,0.015274790115654469,8,10000,paired split/init block,0.109375,0.21875,5 prespecified estimable contrasts within outcome × attack
loss_gap,target_model,repetitions,5 - 1,0.09475565329194069,0.03969401389787216,0.07096911356784404,0.1221361793577671,8,10000,paired split/init block,0.0078125,0.0390625,5 prespecified estimable contrasts within outcome × attack
loss_gap,target_model,depth,6 - 2,0.03628835702935854,0.01788835108986918,0.026223568245768547,0.04901381370921927,8,10000,paired split/init block,0.0078125,0.0390625,5 prespecified estimable contrasts within outcome × attack
loss_gap,target_model,feature_map,Z - EfficientSU2,0.027591343037784093,0.026972077488118362,0.00972210802137852,0.04458288289606571,8,10000,paired split/init block,0.03125,0.0625,5 prespecified estimable contrasts within outcome × attack
loss_gap,target_model,feature_map,ZZ - EfficientSU2,0.050331794656813145,0.023816588796865965,0.03532033134251834,0.06640702905133361,8,10000,paired split/init block,0.0078125,0.0390625,5 prespecified estimable contrasts within outcome × attack
loss_gap,target_model,feature_map,ZZ - Z,0.02274045161902905,0.020883660100632605,0.009388496167957781,0.03626227760687471,8,10000,paired split/init block,0.03125,0.0625,5 prespecified estimable contrasts within outcome × attack
auc,confidence,repetitions,5 - 1,0.017493906250000007,0.01437635128644902,0.007244957682291659,0.025495490885416687,8,10000,paired split/init block,0.0234375,0.1171875,5 prespecified estimable contrasts within outcome × attack
auc,confidence,depth,6 - 2,0.005412708333333318,0.0065499950510401915,0.001208984374999975,0.009772399739583324,8,10000,paired split/init block,0.046875,0.140625,5 prespecified estimable contrasts within outcome × attack
auc,confidence,feature_map,Z - EfficientSU2,0.008102109374999998,0.008804199134399374,0.0025116015624999898,0.013982226562500017,8,10000,paired split/init block,0.0234375,0.1171875,5 prespecified estimable contrasts within outcome × attack
auc,confidence,feature_map,ZZ - EfficientSU2,0.008032421874999994,0.01576032219837513,-0.0028844531250000176,0.0172522265625,8,10000,paired split/init block,0.1953125,0.390625,5 prespecified estimable contrasts within outcome × attack
auc,confidence,feature_map,ZZ - Z,-6.968750000000377e-05,0.010276487096939884,-0.0067678906249999966,0.006670747070312526,8,10000,paired split/init block,0.9921875,0.9921875,5 prespecified estimable contrasts within outcome × attack
auc,correctness,repetitions,5 - 1,0.024770833333333336,0.013861775121672167,0.01656770833333334,0.03432434895833333,8,10000,paired split/init block,0.0078125,0.0390625,5 prespecified estimable contrasts within outcome × attack
auc,correctness,depth,6 - 2,0.005697916666666676,0.004719342901361892,0.0023802083333333487,0.008494921875000006,8,10000,paired split/init block,0.015625,0.0390625,5 prespecified estimable contrasts within outcome × attack
auc,correctness,feature_map,Z - EfficientSU2,0.006882812500000005,0.005764291004212913,0.0034843750000000152,0.010890624999999994,8,10000,paired split/init block,0.0078125,0.0390625,5 prespecified estimable contrasts within outcome × attack
auc,correctness,feature_map,ZZ - EfficientSU2,0.011156250000000008,0.0065332255214622355,0.007007617187500023,0.015437499999999995,8,10000,paired split/init block,0.0078125,0.0390625,5 prespecified estimable contrasts within outcome × attack
auc,correctness,feature_map,ZZ - Z,0.004273437500000003,0.0029983137932308983,0.0023671874999999995,0.006195507812500028,8,10000,paired split/init block,0.015625,0.0390625,5 prespecified estimable contrasts within outcome × attack
auc,entropy,repetitions,5 - 1,0.017493776041666687,0.014376300100989798,0.007436093750000006,0.025539609375000022,8,10000,paired split/init block,0.0234375,0.1171875,5 prespecified estimable contrasts within outcome × attack
auc,entropy,depth,6 - 2,0.0054126822916666486,0.00654987023476275,0.0013651184895833246,0.009857395833333324,8,10000,paired split/init block,0.046875,0.140625,5 prespecified estimable contrasts within outcome × attack
auc,entropy,feature_map,Z - EfficientSU2,0.008101992187500007,0.008804162537331272,0.002387531249999993,0.01394328906249999,8,10000,paired split/init block,0.0234375,0.1171875,5 prespecified estimable contrasts within outcome × attack
auc,entropy,feature_map,ZZ - EfficientSU2,0.008032304687499997,0.015760247005825755,-0.0030925917968749905,0.017303822265624984,8,10000,paired split/init block,0.1953125,0.390625,5 prespecified estimable contrasts within outcome × attack
auc,entropy,feature_map,ZZ - Z,-6.968750000001071e-05,0.010276425868327586,-0.006685117187500016,0.006552187499999989,8,10000,paired split/init block,0.9921875,0.9921875,5 prespecified estimable contrasts within outcome × attack
auc,loss,repetitions,5 - 1,0.03512463541666668,0.013692624048469057,0.02591333333333335,0.043339869791666666,8,10000,paired split/init block,0.0078125,0.0390625,5 prespecified estimable contrasts within outcome × attack
auc,loss,depth,6 - 2,0.012595989583333354,0.0067003240570600855,0.008437575520833355,0.017018272135416675,8,10000,paired split/init block,0.0078125,0.0390625,5 prespecified estimable contrasts within outcome × attack
auc,loss,feature_map,Z - EfficientSU2,0.013932343749999987,0.00864616019587959,0.008242892578124992,0.019483587890624987,8,10000,paired split/init block,0.015625,0.046875,5 prespecified estimable contrasts within outcome × attack
auc,loss,feature_map,ZZ - EfficientSU2,0.017088593749999985,0.01221438663185388,0.009210188476562487,0.024757865234374985,8,10000,paired split/init block,0.015625,0.046875,5 prespecified estimable contrasts within outcome × attack
auc,loss,feature_map,ZZ - Z,0.0031562499999999976,0.006728585995835096,-0.000902776367187512,0.007784480468749994,8,10000,paired split/init block,0.2421875,0.2421875,5 prespecified estimable contrasts within outcome × attack
auc,margin,repetitions,5 - 1,0.017493828125000017,0.014376267349644398,0.007132421875000003,0.025540188151041678,8,10000,paired split/init block,0.0234375,0.1171875,5 prespecified estimable contrasts within outcome × attack
auc,margin,depth,6 - 2,0.005412734374999986,0.006550004142845919,0.0013900214843749687,0.009785682942708334,8,10000,paired split/init block,0.046875,0.140625,5 prespecified estimable contrasts within outcome × attack
auc,margin,feature_map,Z - EfficientSU2,0.008102070312500003,0.008804197830593115,0.0024215234374999946,0.01401674218750001,8,10000,paired split/init block,0.0234375,0.1171875,5 prespecified estimable contrasts within outcome × attack
auc,margin,feature_map,ZZ - EfficientSU2,0.008032382812499989,0.015760255429339735,-0.0031641796874999975,0.01714639160156246,8,10000,paired split/init block,0.1953125,0.390625,5 prespecified estimable contrasts within outcome × attack
auc,margin,feature_map,ZZ - Z,-6.968750000001418e-05,0.01027643236019057,-0.006899101562500022,0.006388445312499992,8,10000,paired split/init block,0.9921875,0.9921875,5 prespecified estimable contrasts within outcome × attack
auc,max_probability,repetitions,5 - 1,0.017493906250000007,0.01437635128644902,0.007420606119791659,0.025626257161458364,8,10000,paired split/init block,0.0234375,0.1171875,5 prespecified estimable contrasts within outcome × attack
auc,max_probability,depth,6 - 2,0.005412708333333318,0.0065499950510401915,0.0012670039062499775,0.009738466796875003,8,10000,paired split/init block,0.046875,0.140625,5 prespecified estimable contrasts within outcome × attack
auc,max_probability,feature_map,Z - EfficientSU2,0.008102109374999998,0.008804199134399374,0.002401979492187503,0.013875195312499996,8,10000,paired split/init block,0.0234375,0.1171875,5 prespecified estimable contrasts within outcome × attack
auc,max_probability,feature_map,ZZ - EfficientSU2,0.008032421874999994,0.01576032219837513,-0.0028745312500000134,0.017079583984374987,8,10000,paired split/init block,0.1953125,0.390625,5 prespecified estimable contrasts within outcome × attack
auc,max_probability,feature_map,ZZ - Z,-6.968750000000377e-05,0.010276487096939884,-0.00675128906250002,0.006348374023437511,8,10000,paired split/init block,0.9921875,0.9921875,5 prespecified estimable contrasts within outcome × attack
