target_id,structural_cell_id,fm_kind,reps,depth,model_seed,data_seed,mode,queries,shots,total_shots_per_target_record,simulator_seed,attack,auc,auc_record_ci95_low,auc_record_ci95_high,valid_record_bootstrap_replicates,tpr_at_0_05_fpr,attained_fpr_for_0_05,tpr_at_0_10_fpr,attained_fpr_for_0_10,n_member,n_nonmember,num_reference_models,reference_calibration_circuit_shots,target_attack_circuit_shots,calibration_timestamp,backend_name,snapshot_manifest_sha256,sample_score_file,balanced_accuracy_crossfit,membership_advantage_crossfit,crossfit_tpr,crossfit_fpr,threshold_median,threshold_folds
MNIST_QNN_zz_r5_d6_s43,zz_r5_d6,zz,5,6,43,43,ideal_shot,1,512,512,0,lira_online,0.674475,0.62489125,0.728850625,1000,0.125,0.045,0.24,0.1,200,200,16,3276800,204800,2026-08-18T20:33:07+08:00,ibm_kingston,516fac22a7de7c7485ebe5cd518ec5e695426213c3b2c286adcf026c78554362,/home/najeeb/qurift_satML/satml_results/noise/n3_attack_breadth/noisy_lira/sample_scores/MNIST_QNN_zz_r5_d6_s43_ideal_shot_sim0.npz,0.625,0.25,0.735,0.485,-0.047391317056018734,5
MNIST_QNN_zz_r5_d6_s43,zz_r5_d6,zz,5,6,43,43,ideal_shot,1,512,512,0,lira_online_fixed_variance,0.6941499999999999,0.6410081249999999,0.74231125,1000,0.16,0.05,0.25,0.1,200,200,16,3276800,204800,2026-08-18T20:33:07+08:00,ibm_kingston,516fac22a7de7c7485ebe5cd518ec5e695426213c3b2c286adcf026c78554362,/home/najeeb/qurift_satML/satml_results/noise/n3_attack_breadth/noisy_lira/sample_scores/MNIST_QNN_zz_r5_d6_s43_ideal_shot_sim0.npz,0.635,0.27,0.78,0.51,0.018662272375108868,5
MNIST_QNN_zz_r5_d6_s43,zz_r5_d6,zz,5,6,43,43,ideal_shot,1,512,512,0,lira_offline,0.48997499999999994,0.431515,0.5477775,1000,0.065,0.05,0.115,0.1,200,200,16,3276800,204800,2026-08-18T20:33:07+08:00,ibm_kingston,516fac22a7de7c7485ebe5cd518ec5e695426213c3b2c286adcf026c78554362,/home/najeeb/qurift_satML/satml_results/noise/n3_attack_breadth/noisy_lira/sample_scores/MNIST_QNN_zz_r5_d6_s43_ideal_shot_sim0.npz,0.48,-0.040000000000000036,0.24,0.28,3.094846428750919,5
MNIST_QNN_zz_r5_d6_s43,zz_r5_d6,zz,5,6,43,43,ideal_shot,1,512,512,0,lira_offline_fixed_variance,0.496225,0.438474375,0.553450625,1000,0.085,0.045,0.105,0.075,200,200,16,3276800,204800,2026-08-18T20:33:07+08:00,ibm_kingston,516fac22a7de7c7485ebe5cd518ec5e695426213c3b2c286adcf026c78554362,/home/najeeb/qurift_satML/satml_results/noise/n3_attack_breadth/noisy_lira/sample_scores/MNIST_QNN_zz_r5_d6_s43_ideal_shot_sim0.npz,0.5,0.0,0.405,0.405,2.32969836655999,5
MNIST_QNN_zz_r5_d6_s43,zz_r5_d6,zz,5,6,43,43,ideal_shot,1,512,512,0,global_true_class_log_odds,0.6469750000000001,0.590169375,0.7004793749999999,1000,0.035,0.05,0.085,0.085,200,200,16,3276800,204800,2026-08-18T20:33:07+08:00,ibm_kingston,516fac22a7de7c7485ebe5cd518ec5e695426213c3b2c286adcf026c78554362,/home/najeeb/qurift_satML/satml_results/noise/n3_attack_breadth/noisy_lira/sample_scores/MNIST_QNN_zz_r5_d6_s43_ideal_shot_sim0.npz,0.625,0.25,0.845,0.595,-0.7821547322066683,5
MNIST_QNN_zz_r5_d6_s43,zz_r5_d6,zz,5,6,43,43,ideal_shot,1,512,512,1,lira_online,0.7149249999999999,0.6649287500000001,0.7674043749999999,1000,0.14,0.05,0.255,0.1,200,200,16,3276800,204800,2026-08-18T20:33:07+08:00,ibm_kingston,516fac22a7de7c7485ebe5cd518ec5e695426213c3b2c286adcf026c78554362,/home/najeeb/qurift_satML/satml_results/noise/n3_attack_breadth/noisy_lira/sample_scores/MNIST_QNN_zz_r5_d6_s43_ideal_shot_sim1.npz,0.675,0.35000000000000003,0.77,0.42,-0.17967487956363293,5
MNIST_QNN_zz_r5_d6_s43,zz_r5_d6,zz,5,6,43,43,ideal_shot,1,512,512,1,lira_online_fixed_variance,0.7101249999999999,0.6608925,0.758511875,1000,0.12,0.05,0.255,0.1,200,200,16,3276800,204800,2026-08-18T20:33:07+08:00,ibm_kingston,516fac22a7de7c7485ebe5cd518ec5e695426213c3b2c286adcf026c78554362,/home/najeeb/qurift_satML/satml_results/noise/n3_attack_breadth/noisy_lira/sample_scores/MNIST_QNN_zz_r5_d6_s43_ideal_shot_sim1.npz,0.66,0.32000000000000006,0.81,0.49,-0.1038803470266827,5
MNIST_QNN_zz_r5_d6_s43,zz_r5_d6,zz,5,6,43,43,ideal_shot,1,512,512,1,lira_offline,0.511625,0.454165,0.5670525000000001,1000,0.055,0.04,0.115,0.1,200,200,16,3276800,204800,2026-08-18T20:33:07+08:00,ibm_kingston,516fac22a7de7c7485ebe5cd518ec5e695426213c3b2c286adcf026c78554362,/home/najeeb/qurift_satML/satml_results/noise/n3_attack_breadth/noisy_lira/sample_scores/MNIST_QNN_zz_r5_d6_s43_ideal_shot_sim1.npz,0.5275,0.05500000000000005,0.34,0.285,2.348143132306264,5
MNIST_QNN_zz_r5_d6_s43,zz_r5_d6,zz,5,6,43,43,ideal_shot,1,512,512,1,lira_offline_fixed_variance,0.519175,0.46243812500000003,0.57577625,1000,0.06,0.05,0.13,0.1,200,200,16,3276800,204800,2026-08-18T20:33:07+08:00,ibm_kingston,516fac22a7de7c7485ebe5cd518ec5e695426213c3b2c286adcf026c78554362,/home/najeeb/qurift_satML/satml_results/noise/n3_attack_breadth/noisy_lira/sample_scores/MNIST_QNN_zz_r5_d6_s43_ideal_shot_sim1.npz,0.4875,-0.025000000000000022,0.605,0.63,1.6673360085172124,5
MNIST_QNN_zz_r5_d6_s43,zz_r5_d6,zz,5,6,43,43,ideal_shot,1,512,512,1,global_true_class_log_odds,0.6472249999999999,0.592396875,0.7000593749999999,1000,0.02,0.03,0.085,0.095,200,200,16,3276800,204800,2026-08-18T20:33:07+08:00,ibm_kingston,516fac22a7de7c7485ebe5cd518ec5e695426213c3b2c286adcf026c78554362,/home/najeeb/qurift_satML/satml_results/noise/n3_attack_breadth/noisy_lira/sample_scores/MNIST_QNN_zz_r5_d6_s43_ideal_shot_sim1.npz,0.6575,0.31499999999999995,0.86,0.545,-0.38105502046630846,5
MNIST_QNN_zz_r5_d6_s43,zz_r5_d6,zz,5,6,43,43,ideal_shot,1,512,512,2,lira_online,0.7069,0.65283375,0.75495125,1000,0.165,0.045,0.295,0.1,200,200,16,3276800,204800,2026-08-18T20:33:07+08:00,ibm_kingston,516fac22a7de7c7485ebe5cd518ec5e695426213c3b2c286adcf026c78554362,/home/najeeb/qurift_satML/satml_results/noise/n3_attack_breadth/noisy_lira/sample_scores/MNIST_QNN_zz_r5_d6_s43_ideal_shot_sim2.npz,0.6675,0.33499999999999996,0.85,0.515,-0.35586290899325235,5
MNIST_QNN_zz_r5_d6_s43,zz_r5_d6,zz,5,6,43,43,ideal_shot,1,512,512,2,lira_online_fixed_variance,0.7237500000000001,0.670615625,0.76678125,1000,0.185,0.05,0.255,0.095,200,200,16,3276800,204800,2026-08-18T20:33:07+08:00,ibm_kingston,516fac22a7de7c7485ebe5cd518ec5e695426213c3b2c286adcf026c78554362,/home/najeeb/qurift_satML/satml_results/noise/n3_attack_breadth/noisy_lira/sample_scores/MNIST_QNN_zz_r5_d6_s43_ideal_shot_sim2.npz,0.6499999999999999,0.3,0.73,0.43,0.01591313435856656,5
MNIST_QNN_zz_r5_d6_s43,zz_r5_d6,zz,5,6,43,43,ideal_shot,1,512,512,2,lira_offline,0.53085,0.47486375,0.587183125,1000,0.035,0.04,0.12,0.095,200,200,16,3276800,204800,2026-08-18T20:33:07+08:00,ibm_kingston,516fac22a7de7c7485ebe5cd518ec5e695426213c3b2c286adcf026c78554362,/home/najeeb/qurift_satML/satml_results/noise/n3_attack_breadth/noisy_lira/sample_scores/MNIST_QNN_zz_r5_d6_s43_ideal_shot_sim2.npz,0.54,0.08000000000000007,0.56,0.48,1.9226592127302755,5
MNIST_QNN_zz_r5_d6_s43,zz_r5_d6,zz,5,6,43,43,ideal_shot,1,512,512,2,lira_offline_fixed_variance,0.52645,0.47569625,0.5829337499999999,1000,0.075,0.045,0.12,0.1,200,200,16,3276800,204800,2026-08-18T20:33:07+08:00,ibm_kingston,516fac22a7de7c7485ebe5cd518ec5e695426213c3b2c286adcf026c78554362,/home/najeeb/qurift_satML/satml_results/noise/n3_attack_breadth/noisy_lira/sample_scores/MNIST_QNN_zz_r5_d6_s43_ideal_shot_sim2.npz,0.5,0.0,0.38,0.38,2.174196944621711,5
MNIST_QNN_zz_r5_d6_s43,zz_r5_d6,zz,5,6,43,43,ideal_shot,1,512,512,2,global_true_class_log_odds,0.64205,0.5847268750000001,0.6973825,1000,0.03,0.035,0.105,0.1,200,200,16,3276800,204800,2026-08-18T20:33:07+08:00,ibm_kingston,516fac22a7de7c7485ebe5cd518ec5e695426213c3b2c286adcf026c78554362,/home/najeeb/qurift_satML/satml_results/noise/n3_attack_breadth/noisy_lira/sample_scores/MNIST_QNN_zz_r5_d6_s43_ideal_shot_sim2.npz,0.63,0.26,0.855,0.595,-0.8480540454965103,5
MNIST_QNN_zz_r5_d6_s43,zz_r5_d6,zz,5,6,43,43,ideal_shot,1,512,512,3,lira_online,0.6916249999999999,0.6422650000000001,0.7440512499999999,1000,0.135,0.05,0.23,0.1,200,200,16,3276800,204800,2026-08-18T20:33:07+08:00,ibm_kingston,516fac22a7de7c7485ebe5cd518ec5e695426213c3b2c286adcf026c78554362,/home/najeeb/qurift_satML/satml_results/noise/n3_attack_breadth/noisy_lira/sample_scores/MNIST_QNN_zz_r5_d6_s43_ideal_shot_sim3.npz,0.6425000000000001,0.28500000000000003,0.795,0.51,-0.39915675406011997,5
MNIST_QNN_zz_r5_d6_s43,zz_r5_d6,zz,5,6,43,43,ideal_shot,1,512,512,3,lira_online_fixed_variance,0.7024,0.6546974999999999,0.749705,1000,0.1,0.045,0.205,0.095,200,200,16,3276800,204800,2026-08-18T20:33:07+08:00,ibm_kingston,516fac22a7de7c7485ebe5cd518ec5e695426213c3b2c286adcf026c78554362,/home/najeeb/qurift_satML/satml_results/noise/n3_attack_breadth/noisy_lira/sample_scores/MNIST_QNN_zz_r5_d6_s43_ideal_shot_sim3.npz,0.6425,0.285,0.715,0.43,0.15559217858289043,5
MNIST_QNN_zz_r5_d6_s43,zz_r5_d6,zz,5,6,43,43,ideal_shot,1,512,512,3,lira_offline,0.5284249999999999,0.473068125,0.587176875,1000,0.065,0.05,0.14,0.1,200,200,16,3276800,204800,2026-08-18T20:33:07+08:00,ibm_kingston,516fac22a7de7c7485ebe5cd518ec5e695426213c3b2c286adcf026c78554362,/home/najeeb/qurift_satML/satml_results/noise/n3_attack_breadth/noisy_lira/sample_scores/MNIST_QNN_zz_r5_d6_s43_ideal_shot_sim3.npz,0.5275000000000001,0.05500000000000005,0.535,0.48,2.000015568836667,5
MNIST_QNN_zz_r5_d6_s43,zz_r5_d6,zz,5,6,43,43,ideal_shot,1,512,512,3,lira_offline_fixed_variance,0.53015,0.46811875000000003,0.585363125,1000,0.075,0.05,0.12,0.09,200,200,16,3276800,204800,2026-08-18T20:33:07+08:00,ibm_kingston,516fac22a7de7c7485ebe5cd518ec5e695426213c3b2c286adcf026c78554362,/home/najeeb/qurift_satML/satml_results/noise/n3_attack_breadth/noisy_lira/sample_scores/MNIST_QNN_zz_r5_d6_s43_ideal_shot_sim3.npz,0.5375,0.07500000000000001,0.485,0.41,1.9652023465938073,5
MNIST_QNN_zz_r5_d6_s43,zz_r5_d6,zz,5,6,43,43,ideal_shot,1,512,512,3,global_true_class_log_odds,0.66005,0.6052474999999999,0.71682875,1000,0.045,0.05,0.105,0.1,200,200,16,3276800,204800,2026-08-18T20:33:07+08:00,ibm_kingston,516fac22a7de7c7485ebe5cd518ec5e695426213c3b2c286adcf026c78554362,/home/najeeb/qurift_satML/satml_results/noise/n3_attack_breadth/noisy_lira/sample_scores/MNIST_QNN_zz_r5_d6_s43_ideal_shot_sim3.npz,0.63,0.26,0.85,0.59,-0.8431730141296888,5
MNIST_QNN_zz_r5_d6_s43,zz_r5_d6,zz,5,6,43,43,ideal_shot,1,512,512,4,lira_online,0.700775,0.650074375,0.7509087499999999,1000,0.145,0.035,0.235,0.095,200,200,16,3276800,204800,2026-08-18T20:33:07+08:00,ibm_kingston,516fac22a7de7c7485ebe5cd518ec5e695426213c3b2c286adcf026c78554362,/home/najeeb/qurift_satML/satml_results/noise/n3_attack_breadth/noisy_lira/sample_scores/MNIST_QNN_zz_r5_d6_s43_ideal_shot_sim4.npz,0.6499999999999999,0.29999999999999993,0.825,0.525,-0.5284101166550135,5
MNIST_QNN_zz_r5_d6_s43,zz_r5_d6,zz,5,6,43,43,ideal_shot,1,512,512,4,lira_online_fixed_variance,0.69705,0.644581875,0.745275625,1000,0.175,0.045,0.22,0.095,200,200,16,3276800,204800,2026-08-18T20:33:07+08:00,ibm_kingston,516fac22a7de7c7485ebe5cd518ec5e695426213c3b2c286adcf026c78554362,/home/najeeb/qurift_satML/satml_results/noise/n3_attack_breadth/noisy_lira/sample_scores/MNIST_QNN_zz_r5_d6_s43_ideal_shot_sim4.npz,0.6575,0.31500000000000006,0.785,0.47,-0.1876041304014442,5
MNIST_QNN_zz_r5_d6_s43,zz_r5_d6,zz,5,6,43,43,ideal_shot,1,512,512,4,lira_offline,0.5048,0.450311875,0.5621275,1000,0.055,0.045,0.085,0.1,200,200,16,3276800,204800,2026-08-18T20:33:07+08:00,ibm_kingston,516fac22a7de7c7485ebe5cd518ec5e695426213c3b2c286adcf026c78554362,/home/najeeb/qurift_satML/satml_results/noise/n3_attack_breadth/noisy_lira/sample_scores/MNIST_QNN_zz_r5_d6_s43_ideal_shot_sim4.npz,0.46,-0.07999999999999996,0.655,0.735,1.8897138477397348,5
MNIST_QNN_zz_r5_d6_s43,zz_r5_d6,zz,5,6,43,43,ideal_shot,1,512,512,4,lira_offline_fixed_variance,0.5025999999999999,0.446645625,0.5568768749999999,1000,0.035,0.04,0.105,0.095,200,200,16,3276800,204800,2026-08-18T20:33:07+08:00,ibm_kingston,516fac22a7de7c7485ebe5cd518ec5e695426213c3b2c286adcf026c78554362,/home/najeeb/qurift_satML/satml_results/noise/n3_attack_breadth/noisy_lira/sample_scores/MNIST_QNN_zz_r5_d6_s43_ideal_shot_sim4.npz,0.4725,-0.05500000000000005,0.69,0.745,1.6862698468787034,5
MNIST_QNN_zz_r5_d6_s43,zz_r5_d6,zz,5,6,43,43,ideal_shot,1,512,512,4,global_true_class_log_odds,0.65165,0.601255,0.707406875,1000,0.03,0.045,0.06,0.1,200,200,16,3276800,204800,2026-08-18T20:33:07+08:00,ibm_kingston,516fac22a7de7c7485ebe5cd518ec5e695426213c3b2c286adcf026c78554362,/home/najeeb/qurift_satML/satml_results/noise/n3_attack_breadth/noisy_lira/sample_scores/MNIST_QNN_zz_r5_d6_s43_ideal_shot_sim4.npz,0.6325000000000001,0.265,0.89,0.625,-1.037657864350476,5
MNIST_QNN_zz_r5_d6_s43,zz_r5_d6,zz,5,6,43,43,noisy_shot,1,512,512,0,lira_online,0.5601499999999999,0.504798125,0.6160074999999999,1000,0.06,0.05,0.125,0.095,200,200,16,3276800,204800,2026-08-18T20:33:07+08:00,ibm_kingston,516fac22a7de7c7485ebe5cd518ec5e695426213c3b2c286adcf026c78554362,/home/najeeb/qurift_satML/satml_results/noise/n3_attack_breadth/noisy_lira/sample_scores/MNIST_QNN_zz_r5_d6_s43_noisy_shot_sim0.npz,0.5675,0.135,0.79,0.655,-0.3859321418363696,5
MNIST_QNN_zz_r5_d6_s43,zz_r5_d6,zz,5,6,43,43,noisy_shot,1,512,512,0,lira_online_fixed_variance,0.566675,0.512004375,0.626506875,1000,0.065,0.045,0.11,0.1,200,200,16,3276800,204800,2026-08-18T20:33:07+08:00,ibm_kingston,516fac22a7de7c7485ebe5cd518ec5e695426213c3b2c286adcf026c78554362,/home/najeeb/qurift_satML/satml_results/noise/n3_attack_breadth/noisy_lira/sample_scores/MNIST_QNN_zz_r5_d6_s43_noisy_shot_sim0.npz,0.5525,0.10499999999999998,0.645,0.54,-0.041366470371393294,5
MNIST_QNN_zz_r5_d6_s43,zz_r5_d6,zz,5,6,43,43,noisy_shot,1,512,512,0,lira_offline,0.477025,0.42332437500000003,0.534675,1000,0.03,0.04,0.085,0.1,200,200,16,3276800,204800,2026-08-18T20:33:07+08:00,ibm_kingston,516fac22a7de7c7485ebe5cd518ec5e695426213c3b2c286adcf026c78554362,/home/najeeb/qurift_satML/satml_results/noise/n3_attack_breadth/noisy_lira/sample_scores/MNIST_QNN_zz_r5_d6_s43_noisy_shot_sim0.npz,0.4575,-0.08500000000000002,0.46,0.545,1.2684168911321638,5
MNIST_QNN_zz_r5_d6_s43,zz_r5_d6,zz,5,6,43,43,noisy_shot,1,512,512,0,lira_offline_fixed_variance,0.478775,0.42462500000000003,0.534086875,1000,0.05,0.04,0.085,0.09,200,200,16,3276800,204800,2026-08-18T20:33:07+08:00,ibm_kingston,516fac22a7de7c7485ebe5cd518ec5e695426213c3b2c286adcf026c78554362,/home/najeeb/qurift_satML/satml_results/noise/n3_attack_breadth/noisy_lira/sample_scores/MNIST_QNN_zz_r5_d6_s43_noisy_shot_sim0.npz,0.475,-0.04999999999999999,0.465,0.515,0.8165073890932273,5
MNIST_QNN_zz_r5_d6_s43,zz_r5_d6,zz,5,6,43,43,noisy_shot,1,512,512,0,global_true_class_log_odds,0.556525,0.499700625,0.6111356250000001,1000,0.055,0.05,0.125,0.1,200,200,16,3276800,204800,2026-08-18T20:33:07+08:00,ibm_kingston,516fac22a7de7c7485ebe5cd518ec5e695426213c3b2c286adcf026c78554362,/home/najeeb/qurift_satML/satml_results/noise/n3_attack_breadth/noisy_lira/sample_scores/MNIST_QNN_zz_r5_d6_s43_noisy_shot_sim0.npz,0.5499999999999999,0.09999999999999998,0.69,0.59,-1.3163760136302858,5
MNIST_QNN_zz_r5_d6_s43,zz_r5_d6,zz,5,6,43,43,noisy_shot,1,512,512,1,lira_online,0.5238499999999999,0.466993125,0.5789356250000001,1000,0.02,0.045,0.065,0.09,200,200,16,3276800,204800,2026-08-18T20:33:07+08:00,ibm_kingston,516fac22a7de7c7485ebe5cd518ec5e695426213c3b2c286adcf026c78554362,/home/najeeb/qurift_satML/satml_results/noise/n3_attack_breadth/noisy_lira/sample_scores/MNIST_QNN_zz_r5_d6_s43_noisy_shot_sim1.npz,0.5325,0.06499999999999995,0.84,0.775,-0.8002423733035497,5
MNIST_QNN_zz_r5_d6_s43,zz_r5_d6,zz,5,6,43,43,noisy_shot,1,512,512,1,lira_online_fixed_variance,0.5666249999999999,0.5099375,0.6236050000000001,1000,0.075,0.05,0.125,0.1,200,200,16,3276800,204800,2026-08-18T20:33:07+08:00,ibm_kingston,516fac22a7de7c7485ebe5cd518ec5e695426213c3b2c286adcf026c78554362,/home/najeeb/qurift_satML/satml_results/noise/n3_attack_breadth/noisy_lira/sample_scores/MNIST_QNN_zz_r5_d6_s43_noisy_shot_sim1.npz,0.5800000000000001,0.15999999999999998,0.625,0.465,0.04343262454249475,5
MNIST_QNN_zz_r5_d6_s43,zz_r5_d6,zz,5,6,43,43,noisy_shot,1,512,512,1,lira_offline,0.4428000000000001,0.38294500000000004,0.49306687499999996,1000,0.005,0.04,0.035,0.095,200,200,16,3276800,204800,2026-08-18T20:33:07+08:00,ibm_kingston,516fac22a7de7c7485ebe5cd518ec5e695426213c3b2c286adcf026c78554362,/home/najeeb/qurift_satML/satml_results/noise/n3_attack_breadth/noisy_lira/sample_scores/MNIST_QNN_zz_r5_d6_s43_noisy_shot_sim1.npz,0.47750000000000004,-0.044999999999999984,0.4,0.445,1.0934590447704822,5
MNIST_QNN_zz_r5_d6_s43,zz_r5_d6,zz,5,6,43,43,noisy_shot,1,512,512,1,lira_offline_fixed_variance,0.44945,0.390829375,0.505275,1000,0.02,0.04,0.075,0.1,200,200,16,3276800,204800,2026-08-18T20:33:07+08:00,ibm_kingston,516fac22a7de7c7485ebe5cd518ec5e695426213c3b2c286adcf026c78554362,/home/najeeb/qurift_satML/satml_results/noise/n3_attack_breadth/noisy_lira/sample_scores/MNIST_QNN_zz_r5_d6_s43_noisy_shot_sim1.npz,0.4925,-0.015000000000000013,0.74,0.755,0.7813296609716078,5
MNIST_QNN_zz_r5_d6_s43,zz_r5_d6,zz,5,6,43,43,noisy_shot,1,512,512,1,global_true_class_log_odds,0.558225,0.502613125,0.614856875,1000,0.055,0.05,0.12,0.095,200,200,16,3276800,204800,2026-08-18T20:33:07+08:00,ibm_kingston,516fac22a7de7c7485ebe5cd518ec5e695426213c3b2c286adcf026c78554362,/home/najeeb/qurift_satML/satml_results/noise/n3_attack_breadth/noisy_lira/sample_scores/MNIST_QNN_zz_r5_d6_s43_noisy_shot_sim1.npz,0.5475,0.09499999999999997,0.815,0.72,-1.759830579465285,5
MNIST_QNN_zz_r5_d6_s43,zz_r5_d6,zz,5,6,43,43,noisy_shot,1,512,512,2,lira_online,0.519575,0.460785,0.58043,1000,0.035,0.05,0.115,0.1,200,200,16,3276800,204800,2026-08-18T20:33:07+08:00,ibm_kingston,516fac22a7de7c7485ebe5cd518ec5e695426213c3b2c286adcf026c78554362,/home/najeeb/qurift_satML/satml_results/noise/n3_attack_breadth/noisy_lira/sample_scores/MNIST_QNN_zz_r5_d6_s43_noisy_shot_sim2.npz,0.5025000000000001,0.0050000000000000044,0.545,0.54,0.0884358367265421,5
MNIST_QNN_zz_r5_d6_s43,zz_r5_d6,zz,5,6,43,43,noisy_shot,1,512,512,2,lira_online_fixed_variance,0.5343749999999999,0.477988125,0.59092375,1000,0.085,0.04,0.14,0.1,200,200,16,3276800,204800,2026-08-18T20:33:07+08:00,ibm_kingston,516fac22a7de7c7485ebe5cd518ec5e695426213c3b2c286adcf026c78554362,/home/najeeb/qurift_satML/satml_results/noise/n3_attack_breadth/noisy_lira/sample_scores/MNIST_QNN_zz_r5_d6_s43_noisy_shot_sim2.npz,0.495,-0.010000000000000009,0.495,0.505,0.04701747555095381,5
MNIST_QNN_zz_r5_d6_s43,zz_r5_d6,zz,5,6,43,43,noisy_shot,1,512,512,2,lira_offline,0.5053749999999999,0.450543125,0.559030625,1000,0.045,0.05,0.1,0.095,200,200,16,3276800,204800,2026-08-18T20:33:07+08:00,ibm_kingston,516fac22a7de7c7485ebe5cd518ec5e695426213c3b2c286adcf026c78554362,/home/najeeb/qurift_satML/satml_results/noise/n3_attack_breadth/noisy_lira/sample_scores/MNIST_QNN_zz_r5_d6_s43_noisy_shot_sim2.npz,0.485,-0.030000000000000027,0.565,0.595,0.9420612315090203,5
MNIST_QNN_zz_r5_d6_s43,zz_r5_d6,zz,5,6,43,43,noisy_shot,1,512,512,2,lira_offline_fixed_variance,0.49575,0.4386075,0.550855,1000,0.06,0.04,0.13,0.1,200,200,16,3276800,204800,2026-08-18T20:33:07+08:00,ibm_kingston,516fac22a7de7c7485ebe5cd518ec5e695426213c3b2c286adcf026c78554362,/home/najeeb/qurift_satML/satml_results/noise/n3_attack_breadth/noisy_lira/sample_scores/MNIST_QNN_zz_r5_d6_s43_noisy_shot_sim2.npz,0.45999999999999996,-0.08000000000000002,0.305,0.385,1.4569872988475265,5
MNIST_QNN_zz_r5_d6_s43,zz_r5_d6,zz,5,6,43,43,noisy_shot,1,512,512,2,global_true_class_log_odds,0.5688,0.513834375,0.62433375,1000,0.125,0.05,0.19,0.1,200,200,16,3276800,204800,2026-08-18T20:33:07+08:00,ibm_kingston,516fac22a7de7c7485ebe5cd518ec5e695426213c3b2c286adcf026c78554362,/home/najeeb/qurift_satML/satml_results/noise/n3_attack_breadth/noisy_lira/sample_scores/MNIST_QNN_zz_r5_d6_s43_noisy_shot_sim2.npz,0.53,0.06,0.51,0.45,-0.9561258785892256,5
MNIST_QNN_zz_r5_d6_s43,zz_r5_d6,zz,5,6,43,43,noisy_shot,1,512,512,3,lira_online,0.589825,0.536396875,0.64753,1000,0.07,0.045,0.17,0.095,200,200,16,3276800,204800,2026-08-18T20:33:07+08:00,ibm_kingston,516fac22a7de7c7485ebe5cd518ec5e695426213c3b2c286adcf026c78554362,/home/najeeb/qurift_satML/satml_results/noise/n3_attack_breadth/noisy_lira/sample_scores/MNIST_QNN_zz_r5_d6_s43_noisy_shot_sim3.npz,0.5774999999999999,0.15499999999999997,0.585,0.43,0.023813303383196205,5
MNIST_QNN_zz_r5_d6_s43,zz_r5_d6,zz,5,6,43,43,noisy_shot,1,512,512,3,lira_online_fixed_variance,0.5855,0.5283175,0.637625625,1000,0.105,0.05,0.14,0.1,200,200,16,3276800,204800,2026-08-18T20:33:07+08:00,ibm_kingston,516fac22a7de7c7485ebe5cd518ec5e695426213c3b2c286adcf026c78554362,/home/najeeb/qurift_satML/satml_results/noise/n3_attack_breadth/noisy_lira/sample_scores/MNIST_QNN_zz_r5_d6_s43_noisy_shot_sim3.npz,0.5725,0.14500000000000007,0.555,0.41,0.07167298794980137,5
MNIST_QNN_zz_r5_d6_s43,zz_r5_d6,zz,5,6,43,43,noisy_shot,1,512,512,3,lira_offline,0.515275,0.457846875,0.574528125,1000,0.06,0.05,0.105,0.085,200,200,16,3276800,204800,2026-08-18T20:33:07+08:00,ibm_kingston,516fac22a7de7c7485ebe5cd518ec5e695426213c3b2c286adcf026c78554362,/home/najeeb/qurift_satML/satml_results/noise/n3_attack_breadth/noisy_lira/sample_scores/MNIST_QNN_zz_r5_d6_s43_noisy_shot_sim3.npz,0.49,-0.020000000000000018,0.71,0.73,0.8089958150468207,5
MNIST_QNN_zz_r5_d6_s43,zz_r5_d6,zz,5,6,43,43,noisy_shot,1,512,512,3,lira_offline_fixed_variance,0.5062,0.45344125,0.563104375,1000,0.045,0.025,0.11,0.095,200,200,16,3276800,204800,2026-08-18T20:33:07+08:00,ibm_kingston,516fac22a7de7c7485ebe5cd518ec5e695426213c3b2c286adcf026c78554362,/home/najeeb/qurift_satML/satml_results/noise/n3_attack_breadth/noisy_lira/sample_scores/MNIST_QNN_zz_r5_d6_s43_noisy_shot_sim3.npz,0.4825,-0.034999999999999976,0.265,0.3,1.9275309544306312,5
MNIST_QNN_zz_r5_d6_s43,zz_r5_d6,zz,5,6,43,43,noisy_shot,1,512,512,3,global_true_class_log_odds,0.5385500000000001,0.480671875,0.596786875,1000,0.065,0.05,0.12,0.095,200,200,16,3276800,204800,2026-08-18T20:33:07+08:00,ibm_kingston,516fac22a7de7c7485ebe5cd518ec5e695426213c3b2c286adcf026c78554362,/home/najeeb/qurift_satML/satml_results/noise/n3_attack_breadth/noisy_lira/sample_scores/MNIST_QNN_zz_r5_d6_s43_noisy_shot_sim3.npz,0.515,0.02999999999999997,0.475,0.445,-1.1856909857938331,5
MNIST_QNN_zz_r5_d6_s43,zz_r5_d6,zz,5,6,43,43,noisy_shot,1,512,512,4,lira_online,0.5482,0.48901374999999997,0.603478125,1000,0.055,0.05,0.1,0.09,200,200,16,3276800,204800,2026-08-18T20:33:07+08:00,ibm_kingston,516fac22a7de7c7485ebe5cd518ec5e695426213c3b2c286adcf026c78554362,/home/najeeb/qurift_satML/satml_results/noise/n3_attack_breadth/noisy_lira/sample_scores/MNIST_QNN_zz_r5_d6_s43_noisy_shot_sim4.npz,0.5575000000000001,0.11500000000000005,0.56,0.445,0.06561334294790644,5
MNIST_QNN_zz_r5_d6_s43,zz_r5_d6,zz,5,6,43,43,noisy_shot,1,512,512,4,lira_online_fixed_variance,0.55745,0.50461125,0.6116762499999999,1000,0.07,0.05,0.115,0.1,200,200,16,3276800,204800,2026-08-18T20:33:07+08:00,ibm_kingston,516fac22a7de7c7485ebe5cd518ec5e695426213c3b2c286adcf026c78554362,/home/najeeb/qurift_satML/satml_results/noise/n3_attack_breadth/noisy_lira/sample_scores/MNIST_QNN_zz_r5_d6_s43_noisy_shot_sim4.npz,0.5375,0.07499999999999996,0.715,0.64,-0.1551129736376623,5
MNIST_QNN_zz_r5_d6_s43,zz_r5_d6,zz,5,6,43,43,noisy_shot,1,512,512,4,lira_offline,0.473525,0.41868187500000004,0.528856875,1000,0.05,0.04,0.065,0.1,200,200,16,3276800,204800,2026-08-18T20:33:07+08:00,ibm_kingston,516fac22a7de7c7485ebe5cd518ec5e695426213c3b2c286adcf026c78554362,/home/najeeb/qurift_satML/satml_results/noise/n3_attack_breadth/noisy_lira/sample_scores/MNIST_QNN_zz_r5_d6_s43_noisy_shot_sim4.npz,0.4825,-0.034999999999999976,0.39,0.425,1.132424196147666,5
MNIST_QNN_zz_r5_d6_s43,zz_r5_d6,zz,5,6,43,43,noisy_shot,1,512,512,4,lira_offline_fixed_variance,0.47524999999999995,0.4188975,0.5311775,1000,0.065,0.045,0.095,0.095,200,200,16,3276800,204800,2026-08-18T20:33:07+08:00,ibm_kingston,516fac22a7de7c7485ebe5cd518ec5e695426213c3b2c286adcf026c78554362,/home/najeeb/qurift_satML/satml_results/noise/n3_attack_breadth/noisy_lira/sample_scores/MNIST_QNN_zz_r5_d6_s43_noisy_shot_sim4.npz,0.46499999999999997,-0.07,0.425,0.495,1.1627681124504357,5
MNIST_QNN_zz_r5_d6_s43,zz_r5_d6,zz,5,6,43,43,noisy_shot,1,512,512,4,global_true_class_log_odds,0.5423500000000001,0.48554875,0.5980512499999999,1000,0.045,0.045,0.135,0.1,200,200,16,3276800,204800,2026-08-18T20:33:07+08:00,ibm_kingston,516fac22a7de7c7485ebe5cd518ec5e695426213c3b2c286adcf026c78554362,/home/najeeb/qurift_satML/satml_results/noise/n3_attack_breadth/noisy_lira/sample_scores/MNIST_QNN_zz_r5_d6_s43_noisy_shot_sim4.npz,0.51,0.020000000000000018,0.675,0.655,-1.7151762544456695,5
